numero_onda_cm1,irf_w_m2_cm,erf_w_m2_cm
13.114719077120274,-2.792977863417569e-12,-1.283303954861346e-07
19.443037202063053,-1.9219227527815175e-12,-2.0917348660970353e-07
25.77135532700583,-2.7293682979402487e-12,-3.025612053525767e-07
32.09967345194861,-5.503837606480287e-13,-1.0076641935801773e-06
38.427991576891394,-2.1502993884179452e-14,-2.6836628609093748e-06
44.75630970183416,-2.0986980057459418e-14,-2.808831668153289e-06
51.084627826776945,-2.3934511057116528e-14,-3.7014294073167656e-06
57.41294595171972,-8.708816003413778e-15,-6.978340127371567e-06
63.7412640766625,-4.6901610199767685e-14,-5.3746184850995046e-06
70.06958220160527,-4.089016451824801e-14,-6.420476473180111e-06
76.39790032654805,-4.0595326579462304e-14,-1.0578292604172621e-05
82.72621845149084,-1.321549261083105e-13,-8.072781414381855e-06
89.0545365764336,7.671570627018619e-14,-1.1120222623069509e-05
95.3828547013764,-1.9833999893859034e-13,-1.363283519560466e-05
101.71117282631917,-1.306682626683875e-13,-2.68061952026349e-05
108.03949095126194,-3.5989592382656976e-13,-1.558099823410695e-05
114.36780907620474,-1.4178271404152733e-12,-4.915074472169086e-06
120.6961272011475,-4.805985145441006e-13,-2.3840309129965904e-05
127.02444532609029,-9.134030988164345e-13,-1.7728363641954453e-05
133.35276345103307,-1.1374864375066075e-12,-2.3418866000038043e-05
139.68108157597584,-1.0079701830145726e-12,-2.7246174467953993e-05
146.0093997009186,-3.763494225463016e-12,-1.561972223691221e-05
152.33771782586138,-1.1330070345469401e-12,-5.955176595938124e-05
158.6660359508042,-5.42916649137748e-12,-3.538423088050318e-05
164.99435407574697,-1.0179035826035632e-11,-9.399115080558727e-06
171.32267220068974,-2.8305818192825297e-12,-3.859792904218704e-05
177.6509903256325,-3.553122639859962e-12,-4.1937309039224666e-05
183.97930845057527,-2.3118658810244998e-11,-1.0395240745629572e-05
190.30762657551807,-3.088112669226428e-11,-1.871331222148265e-05
196.63594470046087,-2.9033015228052684e-11,-1.9291059774963637e-05
202.96426282540358,-1.3134572184221595e-11,-5.387140910677303e-05
209.2925809503464,-2.5575254219110946e-11,-3.525000037603572e-05
215.62089907528917,-6.508796500902249e-11,-1.816483529175049e-05
221.94921720023197,-4.731694307202883e-11,-2.8864675911855084e-05
228.27753532517474,-3.7371087084278605e-11,-6.12566704065665e-05
234.60585345011748,-1.894683029609115e-10,-1.5094173388651616e-05
240.9341715750603,-2.502660739669288e-10,-1.1134184622284791e-06
247.26248970000307,-6.212229853794216e-11,-7.521037197685254e-05
253.59080782494587,-1.1785327906719408e-10,-7.210536547289502e-05
259.9191259498886,-4.540601283853363e-10,-1.6751887358078343e-05
266.2474440748314,-4.3877797584537805e-10,-2.4323180287169058e-05
272.5757621997742,-6.317114143849361e-10,-2.2995693219848325e-06
278.904080324717,-1.4375916607307916e-10,-9.794810506326645e-05
285.23239844965974,-6.357404411499318e-10,-2.250857736322931e-05
291.56071657460245,-8.843752464290228e-10,-3.5924177746097216e-05
297.8890346995453,-1.2987445829719391e-09,-2.3313802567983454e-05
304.2173528244881,-9.876794773971271e-10,-3.8482293158896784e-05
310.54567094943087,-2.6641057820301494e-09,-6.799635621639998e-07
316.87398907437364,-2.3825070521055897e-09,-1.727722230153634e-05
323.20230719931635,-1.7337474647344948e-09,-3.80126644751286e-05
329.5306253242592,-2.846918070037452e-09,-3.3019832525082486e-05
335.858943449202,-3.3987053938561163e-09,-2.6212627093873816e-05
342.1872615741447,-5.003758487241716e-09,-2.1612745287297994e-05
348.5155796990875,-4.705048278850349e-09,-2.9978235675710494e-05
354.84389782403025,-3.3974823942465457e-09,-6.301858356390004e-05
361.1722159489731,-1.0389988699521098e-08,-1.603876346179065e-06
367.5005340739159,-1.1904443241329139e-08,-1.3058164106854619e-05
373.8288521988586,-9.641465240550415e-09,-7.96231116051132e-06
380.1571703238014,-1.963709863280795e-08,-3.561763622186333e-07
386.48548844874415,-1.7883061827032863e-08,-9.811780798273541e-06
392.813806573687,-2.521496791862109e-08,-2.577266178341135e-06
399.1421246986298,-1.1053593623766046e-07,-0.00010305097353419984
405.4704428235725,-5.136928619910337e-07,-1.1592246333918914e-06
411.7987609485153,-6.026736991981453e-07,-1.101057534742475e-06
418.12707907345805,-2.7979829925585745e-07,-0.0002466594882053123
424.4553971984009,-5.332528370555895e-07,-0.0001003175626758451
430.78371532334364,-8.740715613281443e-07,-1.4419426496861589e-05
437.1120334482864,-1.1267935546852362e-06,-2.5276875843054623e-06
443.4403515732292,-1.0259124285246467e-06,-0.00017653194587476193
449.76866969817195,-1.9665229780722535e-06,-0.00011538024522954804
456.0969878231148,-1.3891458820200833e-06,-6.302311759461823e-05
462.4253059480575,-3.0163123652371913e-06,-3.549150474452603e-06
468.7536240730003,-4.894562281347863e-06,-8.93528514427826e-06
475.0819421979431,-3.596161568517487e-06,-0.000672224760344369
481.41026032288585,-5.157366341938547e-06,-1.811125941003763e-05
487.7385784478287,-8.908702304238816e-06,-9.615071067623718e-06
494.0668965727714,-1.2412252762768888e-05,-1.6093425765591196e-05
500.3952146977142,-1.3131190206027571e-05,-2.155074601750814e-05
506.723532822657,-5.001710850089259e-05,-5.8558894363971124e-05
513.0518509475996,-8.942188021491843e-05,-8.933978627663876e-05
519.3801690725426,-8.760781172950259e-05,-0.00015368254412251921
525.7084871974853,-0.00029132992315493173,-0.0004644351715823963
532.0368053224281,-0.0009580698908084502,-0.0009562087534158367
538.3651234473709,-0.00047443877184499177,-0.0005199181794881807
544.6934415723138,-0.002502647786983157,-0.0025508874950839434
551.0217596972564,-0.0012134667552533345,-0.0012452122373186043
557.3500778221992,-0.0017116915526134433,-0.001730257216404461
563.678395947142,-0.002329063927614506,-0.002329068635657862
570.0067140720848,-0.004226502919060543,-0.004256955924410753
576.3350321970275,-0.009139082684868202,-0.009265295626519263
582.6633503219703,-0.01567645408296217,-0.016288482735569407
588.9916684469131,-0.02289464574868663,-0.023578563568329255
595.3199865718559,-0.024111619392894787,-0.026058773288134936
601.6483046967987,-0.030311023800098445,-0.031363961996637574
607.9766228217416,-0.030084574107176257,-0.032763192094648994
614.3049409466842,-0.019661270916184963,-0.023131601920444597
620.633259071627,-0.01956385148358359,-0.024172747785361198
626.9615771965698,-0.006474617441851956,-0.011273404502135358
633.2898953215126,0.005691630270324111,-0.0009533896664816566
639.6182134464553,0.010790826017256994,0.001041006249302603
645.946531571398,0.012428880485680704,-0.001924111818325671
652.2748496963409,0.011505684517925182,-0.005410358239920577
658.6031678212837,0.011362931567161394,-0.00359618447714514
664.9314859462265,0.008897204555345636,-0.010864386318714279
671.2598040711691,0.009896603681129445,-0.010378577876098905
677.588122196112,0.012402384043660102,-0.0031088694415547843
683.9164403210548,0.011750595508671576,-0.0033397303826916335
690.2447584459976,0.01139365182077729,-0.0008000834341213609
696.5730765709403,0.007462260663093375,-0.001999078396189095
702.901394695883,0.002953317370113234,-0.0037636101730018326
709.2297128208259,-0.010680069976002593,-0.015466877989969739
715.5580309457687,-0.02143279128091589,-0.026082796294392144
721.8863490707115,-0.01569635722542885,-0.02264140178987348
728.2146671956541,-0.029253035534398127,-0.031437940451675195
734.5429853205969,-0.03081919702316395,-0.03282438326839348
740.8713034455398,-0.02700493595928047,-0.03019745513810891
747.1996215704826,-0.031306124217310806,-0.03240498669963524
753.5279396954254,-0.02604966527584895,-0.026634813875967535
759.856257820368,-0.02038924458622514,-0.020719494665825407
766.1845759453108,-0.01318183780347365,-0.0134724286343091
772.5128940702537,-0.00897974947835912,-0.00905329612653421
778.8412121951965,-0.00479826780944363,-0.004860259087167422
785.1695303201393,-0.004043345208873941,-0.004120703570289605
791.4978484450819,-0.010724315139541802,-0.01089250134036578
797.8261665700247,-0.003012266289841704,-0.003235822712568337
804.1544846949676,-0.004343618062766383,-0.004356223141685426
810.4828028199104,-0.0035027422869422283,-0.0036798670020531327
816.8111209448532,-0.002120904913882233,-0.0021074163050580864
823.1394390697958,-0.0009364142458488291,-0.0009327179108839911
829.4677571947386,-0.0007623446347372878,-0.0007522888300711696
835.7960753196814,-0.00026364902046885005,-0.00025605338226130595
842.1243934446242,-0.0001746387157636215,-0.00017360302518458406
848.4527115695671,-0.00014520271990211588,-0.00014387069092524534
854.7810296945097,-9.389749900906097e-05,-9.338100406504693e-05
861.1093478194525,-0.0001426942746515815,-0.00014097404368968846
867.4376659443953,-0.00012743221115789696,-0.00012575395563684108
873.7659840693381,-7.307228980942557e-05,-7.286325152980203e-05
880.094302194281,-7.881320641685893e-05,-7.771837149212748e-05
886.4226203192236,-9.402375923232538e-05,-9.387829312647832e-05
892.7509384441664,-0.00015459661558854618,-0.000154249379337874
899.0792565691092,-0.00023052261115064868,-0.00022998026799825235
905.407574694052,-0.0003389407997979187,-0.0003294238840020904
911.7358928189948,-0.0003779073300439087,-0.000375909819645851
918.0642109439375,-0.0005535494031065702,-0.0005526739950892923
924.3925290688803,-0.0009487417523350206,-0.0009317389913111435
930.7208471938231,-0.0015401941022242412,-0.001538032908301294
937.0491653187659,-0.00296970538752527,-0.002945956343943143
943.3774834437087,-0.00442692879584418,-0.004421299984472416
949.7058015686514,-0.004054052503446268,-0.004048997622095485
956.0341196935942,-0.0033822902744965176,-0.0033744233531023114
962.362437818537,-0.0020038297491846266,-0.001988842861406526
968.6907559434798,-0.004724431427299225,-0.004679238377960812
975.0190740684226,-0.004557486417863553,-0.004721640018651132
981.3473921933653,-0.0039033605474346968,-0.003808443184407661
987.6757103183081,-0.0010942386434583504,-0.0009737560644174849
994.004028443251,-0.0001947203442821798,-0.0005736344383167533
1000.3323465681937,-7.277015669162256e-05,-0.000753290674171151
1006.6606646931364,-8.196951002998536e-05,-0.0024733168234310206
1012.9889828180792,-6.589775401579087e-05,-0.004256289198965797
1019.317300943022,-0.00014203808873805915,-0.004371440415463247
1025.6456190679648,-0.0005327350770952164,-0.00522117803278705
1031.9739371929077,-0.0006422346329998658,-0.004591170525376759
1038.3022553178503,-0.0010685970617062492,-0.007878146073906911
1044.6305734427933,-0.0026611930784220554,-0.005369214783846582
1050.958891567736,-0.0019367675978572449,-0.008710067283043958
1057.2872096926785,-0.0019011514103158215,-0.008108294601022534
1063.6155278176216,-0.0014750460117099345,-0.005283341566765539
1069.9438459425642,-0.005071237955729626,-0.005257940602708906
1076.2721640675072,-0.006585713258396442,-0.006961332787737193
1082.6004821924498,-0.005604262759775902,-0.005912800779270355
1088.9288003173924,-0.002515781944655942,-0.002973642248254379
1095.2571184423355,-0.0005884239014000629,-0.0008388856144378345
1101.585436567278,-3.4884355959254504e-05,-9.802677802485964e-05
1107.9137546922211,-9.754520661598095e-07,-2.643935180062114e-05
1114.2420728171637,-3.748328592768913e-07,-2.330324665513711e-05
1120.5703909421063,-2.633878198728514e-07,-5.428307013495528e-05
1126.8987090670494,-2.638661482759312e-07,-2.0747230102221e-05
1133.227027191992,-2.0607744236398164e-07,-3.108151060614064e-05
1139.5553453169348,-2.0285579906446308e-07,-1.2268620842174696e-05
1145.8836634418776,-2.1131368375705563e-07,-9.55193864495469e-06
1152.2119815668202,-1.6619475530041829e-07,-1.530297259422675e-05
1158.5402996917633,-1.9382065767009975e-07,-5.501470887710105e-06
1164.8686178167059,-1.5106348632651802e-07,-1.1757829544982662e-05
1171.1969359416487,-1.497978151770345e-07,-2.8414393160455186e-06
1177.5252540665915,-1.3885268802154085e-07,-2.483105985569203e-06
1183.853572191534,-1.390608672249957e-07,-5.467474902839161e-07
1190.1818903164772,-1.3833925795172718e-07,-3.7256268479337986e-07
1196.5102084414198,-1.5493436097212916e-07,-3.1563021401076733e-07
1202.8385265663626,-3.3382967863117546e-07,-6.632211711720544e-07
1209.1668446913054,-6.408743089739111e-07,-7.178446485564603e-07
1215.495162816248,-2.031892644628706e-06,-1.8732980950145369e-06
1221.823480941191,-6.092523323564259e-06,-6.039986216231087e-06
1228.1517990661337,-1.462405326053013e-05,-1.4621674754771159e-05
1234.4801171910765,-3.8915135546529515e-05,-3.895104121303262e-05
1240.8084353160193,-7.103089191263614e-05,-7.113045962543159e-05
1247.136753440962,-0.0001289299649133541,-0.0001313476778053115
1253.465071565905,-9.940590422968516e-05,-0.00010039463168167657
1259.7933896908476,-2.602173101785897e-05,-2.698033409760912e-05
1266.1217078157904,-7.100920166323002e-05,-7.359943096592598e-05
1272.4500259407332,-6.815106275259082e-05,-6.888599679753925e-05
1278.7783440656758,-7.457162867845183e-05,-7.630904191585946e-05
1285.1066621906189,-2.654218673071624e-05,-2.670537958072578e-05
1291.4349803155615,-9.137179733415717e-06,-9.198704951246116e-06
1297.7632984405043,-2.5971071701417874e-06,-2.628835953806649e-06
1304.091616565447,-8.358268038367736e-07,-1.033172336459276e-06
1310.4199346903897,-1.5898437306310172e-07,-3.088166494897996e-07
1316.7482528153328,-1.716677951327857e-07,-3.266302348941435e-07
1323.0765709402754,-7.150366585400827e-07,-2.0381716943100677e-06
1329.404889065218,-1.5935370322739613e-06,-1.6211651555758047e-06
1335.733207190161,-3.694699303813479e-06,-6.10486030531558e-06
1342.0615253151036,-1.375355978514865e-05,-1.532454794720118e-05
1348.3898434400467,-3.48777398797812e-05,-3.5216250122288274e-05
1354.7181615649893,-4.5720718731975265e-05,-4.712940471605557e-05
1361.0464796899319,-1.8903150324569272e-05,-2.2980395189737312e-05
1367.374797814875,-1.2882971204652504e-05,-1.3441801331199696e-05
1373.7031159398175,-1.845080295078665e-05,-2.2812845168884766e-05
1380.0314340647603,-3.372251037801209e-05,-3.4658684716373904e-05
1386.3597521897032,-1.29319904533853e-05,-1.4431351892008643e-05
1392.6880703146458,-4.567192700920612e-06,-1.838086472941373e-05
1399.0163884395888,-1.6482180677169293e-06,-2.8982817947216946e-06
1405.3447065645314,-7.365980660799942e-07,-3.8131266557428163e-06
1411.6730246894742,-3.150968947103375e-07,-6.670473127493038e-07
1418.001342814417,-3.5207656615105595e-08,-7.761438697997941e-06
1424.3296609393597,-2.16597268107516e-08,-1.8133264398865076e-06
1430.6579790643027,-6.3207718718638775e-09,-3.2232293360013066e-06
1436.9862971892453,-3.3732147709949164e-09,-1.1281454345807499e-05
1443.3146153141881,-6.58281579533676e-09,-1.1640889535574151e-07
1449.642933439131,-3.2906594463254314e-09,-1.1059947068699884e-05
1455.9712515640736,-1.4071811013478753e-09,-1.1945227149392098e-05
1462.2995696890166,-2.357254326720767e-09,-4.695205441397793e-06
1468.6278878139592,-2.768416827089715e-09,-3.5415096114283995e-07
1474.956205938902,-1.5473209547365196e-09,-9.737389561966744e-06
1481.2845240638449,-3.970368887781545e-09,-9.63040654872684e-07
1487.6128421887875,-1.7046181550550799e-09,-1.4872462479718168e-05
1493.9411603137305,-1.903391165187574e-09,-1.022846052436136e-05
1500.269478438673,-1.574733053960072e-09,-1.7682249450149186e-06
1506.597796563616,-5.821989346432292e-10,-1.1546585154344398e-05
1512.9261146885588,-1.6524895005431983e-09,-1.691087001770191e-06
1519.2544328135014,-6.542076609998842e-10,-1.10473224817258e-05
1525.5827509384444,-8.695102496717735e-10,-6.62918372602839e-06
1531.911069063387,-1.3823974198558623e-09,-3.973445146708743e-06
1538.2393871883298,-7.193220589053057e-10,-1.5206778046604313e-05
1544.5677053132727,-1.0416315303453721e-09,-8.747922800452378e-06
1550.8960234382153,-1.6534267209928298e-09,-2.6122263229920074e-06
1557.2243415631583,-3.939208813586164e-10,-1.3101024213893669e-05
1563.552659688101,-1.2715966986441445e-09,-2.5527900797092097e-06
1569.8809778130437,-1.3899245914529298e-09,-8.900675833752952e-06
1576.2092959379866,-1.1250135661461858e-09,-4.165058186351108e-06
1582.5376140629292,-3.881736746829355e-09,-4.5994846473702375e-08
1588.865932187872,-4.109941531913197e-09,-2.7954176943488755e-06
1595.1942503128148,-3.758571995499306e-09,-3.1527715417671537e-07
1601.5225684377576,-3.6614680342559285e-09,-2.081236217575051e-07
1607.8508865627005,-2.8854326735874663e-09,-2.8284582078120655e-06
1614.179204687643,-2.0136676419635878e-09,-4.907933581830504e-06
1620.507522812586,-1.502512978537727e-09,-1.4097409124670578e-06
1626.8358409375287,-1.5765576982775464e-09,-2.190632270451457e-06
1633.1641590624713,-1.7179878389496753e-09,-3.3577712613781016e-06
1639.4924771874144,-1.7517383163445486e-09,-7.935149650588269e-07
1645.820795312357,-1.047445950680008e-09,-2.944389109114055e-06
1652.1491134373,-6.172759565506312e-10,-1.0527104489640559e-05
1658.4774315622426,-2.6931573674635254e-09,-1.533786612886075e-07
1664.8057496871854,-2.8773532584418604e-09,-1.2320645648664124e-06
1671.1340678121283,-8.36241813943818e-10,-3.8138958353864853e-06
1677.4623859370708,-1.6717250568001538e-09,-2.5257471787841993e-06
1683.790704062014,-9.465627611265995e-10,-7.879828853501803e-06
1690.1190221869565,-1.963718306480954e-09,-1.1192021304632477e-06
1696.4473403118993,-8.144332978170017e-10,-4.45076452107095e-06
1702.7756584368421,-8.913823669028857e-10,-6.066615469839267e-06
1709.1039765617847,-2.209219162329715e-09,-1.6886918776063959e-06
1715.4322946867278,-1.0832102321150582e-09,-2.853830213319849e-06
1721.7606128116704,-2.9771359378364632e-09,-3.3268994635421647e-06
1728.088930936613,-3.733762837370433e-09,-1.0552731790116157e-06
1734.417249061556,-1.4132293850360665e-09,-4.427625525319258e-06
1740.7455671864986,-1.6875855526237828e-09,-3.324306808568215e-06
1747.0738853114417,-1.8791226432373767e-09,-2.327157287503155e-06
1753.4022034363843,-3.7008269430933155e-09,-2.8970215533949987e-06
1759.730521561327,-3.078798080485982e-09,-3.284869129394916e-06
1766.05883968627,-4.820899625197096e-09,-3.73966805188523e-07
1772.3871578112125,-1.8020256038281946e-09,-3.0067652876846255e-06
1778.7154759361554,-4.329330860392088e-09,-2.531137541268922e-06
1785.0437940610982,-7.223136495319051e-09,-6.134223011899741e-07
1791.3721121860408,-3.5559348230501012e-09,-1.1252093996577195e-06
1797.7004303109838,-4.35217933601502e-09,-8.488681794559531e-07
1804.0287484359264,-9.62730549375665e-09,-3.993106965329044e-07
1810.3570665608695,-8.47321440937453e-09,-1.4128948849455182e-06
1816.685384685812,-2.464534062112211e-08,-4.1882231476904447e-07
1823.0137028107547,-1.4793863254870228e-08,-4.92342482855334e-07
1829.3420209356977,-7.686638319865356e-09,-4.5934080519170493e-07
1835.6703390606403,-2.650404466104943e-08,-2.931398250164164e-07
1841.9986571855834,-2.300400247581807e-08,-6.908918406492811e-07
1848.326975310526,-2.893710591870167e-07,-2.9585464757776566e-06
1854.6552934354686,-7.054736992324946e-07,-8.277432572314783e-07
1860.9836115604116,-9.238047210434857e-07,-1.0429332519551582e-06
1867.3119296853542,-2.6778192210932026e-07,-5.495500791708754e-06
1873.640247810297,-1.1926240385859803e-06,-1.2226430762227948e-06
1879.96856593524,-3.4622365560635454e-06,-3.5412068660637623e-06
1886.2968840601825,-1.761182393054937e-06,-2.93024329215608e-06
1892.6252021851255,-3.482580462901416e-06,-3.7143387158716343e-06
1898.9535203100681,-2.0133617887341785e-05,-2.1625789590323714e-05
1905.281838435011,-1.4376064870957624e-05,-1.7099908826117648e-05
1911.6101565599538,-2.023722880062232e-05,-2.2300090672689768e-05
1917.9384746848964,-1.7652308341061586e-05,-1.8492566932703513e-05
1924.2667928098394,-1.282340356315959e-05,-1.5247562095337569e-05
1930.595110934782,-3.756978710728933e-05,-3.799733896759073e-05
1936.923429059725,-4.045321216873705e-05,-4.142253745574669e-05
1943.2517471846677,-1.595849618387718e-06,-3.0826512527024405e-06
1949.5800653096103,-5.5230942365001615e-06,-5.532094460928139e-06
1955.9083834345533,-8.405887326792641e-06,-8.420278987576033e-06
1962.236701559496,-8.27424840957637e-06,-8.294307957308438e-06
1968.5650196844388,-2.9618022576852986e-06,-3.008098989592867e-06
1974.8933378093816,-3.1415784080771166e-06,-3.1434683274052846e-06
1981.2216559343242,-1.5415946847832156e-06,-1.5392837913460032e-06
1987.5499740592672,-6.383169597644126e-07,-8.147788338936918e-07
1993.8782921842098,-5.767042414735816e-07,-6.163655244857558e-07
2000.2066103091527,-1.8325797926613997e-06,-1.8747284594274573e-06
2006.5349284340955,-3.947938494328293e-06,-3.9927832671851035e-06
2012.863246559038,-9.389232000895425e-06,-9.445565491199955e-06
2019.1915646839811,-9.513300632723524e-06,-9.876670450693127e-06
2025.5198828089237,-1.4292421908663166e-05,-1.4304187217270502e-05
2031.8482009338666,-2.5495561715345088e-05,-2.577822964222507e-05
2038.1765190588094,-4.668174147857039e-05,-4.76977331042792e-05
2044.504837183752,-4.374866490591124e-05,-4.414172964804146e-05
2050.833155308695,-0.00010156249578497923,-0.00010191541618105138
2057.1614734336376,-0.0001047779938210762,-0.00010592669698954987
2063.4897915585802,-6.483737514115527e-05,-6.57287249883444e-05
2069.8181096835233,-9.854757770004166e-05,-0.00010018151166041645
2076.146427808466,-7.319813628682614e-05,-7.602143170151333e-05
2082.474745933409,-8.230597651922927e-05,-8.472423944772316e-05
2088.8030640583515,-3.620125668700592e-05,-3.876000732926167e-05
2095.131382183294,-4.142438680221239e-05,-4.559583207182542e-05
2101.459700308237,-2.738423322250107e-05,-3.379162954250624e-05
2107.78801843318,-2.5901469471736397e-05,-3.224460683891364e-05
2114.116336558123,-2.645558485479248e-05,-2.8551450533288714e-05
2120.4446546830654,-1.6491942914885747e-05,-2.1783736765173814e-05
2126.772972808008,-2.7854863159772574e-05,-3.201370684089101e-05
2133.101290932951,-7.770062071977626e-06,-7.537092553484531e-06
2139.4296090578937,-3.966281688963986e-06,-3.973430379968115e-06
2145.7579271828367,-3.046581670623176e-06,-3.037607652365604e-06
2152.0862453077793,-3.3931474973157684e-06,-3.426185501008346e-06
2158.414563432722,-3.942189031089917e-06,-4.0113204637333495e-06
2164.742881557665,-4.8104607076716935e-06,-4.858101235039032e-06
2171.0711996826076,-3.4819169668035213e-06,-3.5509571036621815e-06
2177.3995178075506,-4.101934111663275e-06,-4.156252154825625e-06
2183.7278359324932,-4.29795934822077e-06,-4.365957533209048e-06
2190.056154057436,-5.978931919143108e-06,-6.036111182635858e-06
2196.384472182379,-8.36264351856009e-06,-8.424577530716673e-06
2202.7127903073215,-1.1725821359346558e-05,-1.1743027362104262e-05
2209.0411084322645,-1.8803362980621654e-05,-1.8776021808683824e-05
2215.369426557207,-4.0908128385011886e-05,-4.061165398072619e-05
2221.6977446821497,-6.542002084812231e-05,-6.622440854369763e-05
2228.0260628070923,-7.846591242927293e-05,-7.935677510887347e-05
2234.3543809320354,-7.10947047424374e-05,-7.28569684688994e-05
2240.6826990569784,-4.0912584236570354e-05,-4.247411227587669e-05
2247.011017181921,-1.8380459142154015e-05,-2.082383532757885e-05
2253.3393353068636,-2.551980703237466e-06,-6.405249503088263e-06
2259.6676534318067,2.0475755615638735e-06,-1.8498907539290567e-06
2265.9959715567493,3.1861482152709328e-06,-2.086014406491068e-06
2272.3242896816923,4.782201254086614e-06,-1.3379781306516553e-06
2278.652607806635,3.664405645786917e-06,-1.6207467545755421e-06
2284.9809259315775,4.0021226818358595e-06,-3.4767321703737818e-06
2291.3092440565206,5.641184177603553e-06,-3.7405267158558845e-06
2297.637562181463,6.312202323477025e-06,-4.243597104958612e-06
2303.9658803064062,4.932242383327092e-06,-7.058875862598928e-06
2310.294198431349,6.319201251267082e-06,-5.387020169806583e-06
2316.6225165562914,6.101190621960787e-06,-7.628784925550773e-06
2322.950834681234,7.249479245935835e-06,-9.724379685209046e-06
2329.279152806177,7.501562029755074e-06,-1.047687257918958e-05
2335.60747093112,5.983293646377209e-06,-1.1067533625572733e-05
2341.9357890560627,7.957744221531525e-06,-1.0552261312041841e-05
2348.2641071810053,5.307609157547827e-06,-9.21155521081795e-06
2354.592425305948,5.88777829463579e-06,-9.669812775907753e-06
2360.920743430891,6.4159290743713935e-06,-1.0078520736534104e-05
2367.249061555834,6.579163743425705e-06,-8.685839724481497e-06
2373.5773796807766,5.5322016734229504e-06,-5.675685906527616e-06
2379.9056978057192,4.085986689533123e-06,-1.8316031156442507e-06
2386.234015930662,-1.1850897034890714e-06,-2.7712367720397964e-06
2392.562334055605,-2.7983055220579174e-05,-2.8070869831865248e-05
2398.890652180548,-5.760111510289269e-05,-5.762185092554771e-05
2405.2189703054905,-5.3285886387917724e-05,-5.33019249554385e-05
2411.547288430433,-4.396990619698869e-05,-4.398342143961678e-05
2417.875606555376,-3.5111553087506414e-05,-3.511931263236524e-05
2424.203924680319,-2.766883130639869e-05,-2.7677864324374015e-05
2430.532242805262,-2.170878574350249e-05,-2.1712731798961088e-05
2436.8605609302044,-1.790341235934217e-05,-1.7905358068727635e-05
2443.188879055147,-1.4747418337756656e-05,-1.4741974319578102e-05
2449.51719718009,-1.1827411940499274e-05,-1.1806890154624533e-05
2455.8455153050327,-9.018225496961606e-06,-9.017436856943524e-06
2462.1738334299757,-7.2044362444689265e-06,-7.206045433768449e-06
2468.5021515549183,-5.972107223552077e-06,-5.973976181339076e-06
2474.830469679861,-5.257986198495501e-06,-5.260580926030225e-06
2481.1587878048035,-4.911398874338533e-06,-4.919013414148696e-06
2487.4871059297466,-4.683370824339903e-06,-4.69467175782847e-06
2493.8154240546896,-3.6995800426888804e-06,-3.702720667423463e-06
2500.143742179632,-2.6553894852850155e-06,-2.6621355557627856e-06
2506.472060304575,-3.034335527464466e-06,-3.0449379024924356e-06
2512.8003784295174,-2.7988169065227357e-06,-2.8011514806923212e-06
2519.1286965544605,-2.2580918092098374e-06,-2.2671753571066333e-06
2525.4570146794035,-1.654456787715463e-06,-1.658490972885615e-06
2531.785332804346,-1.1069127720162712e-06,-1.1073709847964125e-06
2538.1136509292887,-8.840173358481183e-07,-8.843737998720315e-07
2544.4419690542313,-7.134380147398302e-07,-7.137053840654463e-07
2550.7702871791744,-5.995930463084586e-07,-5.9980055418155e-07
2557.0986053041174,-5.170443161553986e-07,-5.171966482099678e-07
2563.42692342906,-4.2722451953177905e-07,-4.272765647523155e-07
2569.7552415540026,-3.914964277122601e-07,-3.9154849161807085e-07
2576.083559678945,-3.6274793313725275e-07,-3.62425235729863e-07
2582.4118778038883,-4.113335445971292e-07,-4.114807267657901e-07
2588.740195928831,-6.707877446020969e-07,-6.719005510699387e-07
2595.068514053774,-1.1854685761324373e-06,-1.1924425894701162e-06
2601.3968321787165,-1.3605406489830616e-06,-1.3618812177953817e-06
2607.725150303659,-1.3093528854608245e-06,-1.3164286405510588e-06
2614.053468428602,-5.79646367170143e-07,-5.81535165793836e-07
2620.381786553545,-1.1091507731981972e-06,-1.1130439339786314e-06
2626.710104678488,-1.4476139551926742e-06,-1.453189500896553e-06
2633.0384228034304,-1.1484187063935245e-06,-1.154214575436317e-06
2639.366740928373,-4.0239537003825983e-07,-4.038037392936722e-07
2645.695059053316,-2.3807934274902474e-07,-2.378113340362012e-07
2652.0233771782587,-1.3655717323099426e-07,-1.3663106969270597e-07
2658.3516953032017,-9.863487691082166e-08,-9.89328768804512e-08
2664.6800134281443,-6.688713301119808e-08,-6.663131060509725e-08
2671.008331553087,-5.2748207682303e-08,-5.272122042664838e-08
2677.33664967803,-3.6887656083137186e-08,-3.6766191633075566e-08
2683.664967802973,-3.738530115590424e-08,-3.704981078013128e-08
2689.9932859279156,-3.3618109899485306e-08,-3.409137914805135e-08
2696.321604052858,-2.9348434064433054e-08,-2.98915714014933e-08
2702.649922177801,-2.7820320532326825e-08,-2.7965935593375736e-08
2708.978240302744,-2.357175243651743e-08,-2.3459816896934663e-08
2715.3065584276865,-2.03496422039602e-08,-2.058448662912918e-08
2721.6348765526295,-1.3420922938099736e-08,-1.3185063384777953e-08
2727.963194677572,-2.9770027229213392e-08,-2.991350465193884e-08
2734.2915128025147,-5.7300869881655524e-08,-5.834119781464396e-08
2740.6198309274578,-1.0515341683666758e-07,-1.03903697343878e-07
2746.9481490524004,-1.6361269398265695e-07,-1.6452791960969858e-07
2753.276467177343,-6.308971017732028e-08,-6.437344248530365e-08
2759.604785302286,-7.49926326811777e-08,-8.263995271022597e-08
2765.9331034272286,-1.3459573418499494e-07,-1.386564685433991e-07
2772.2614215521717,-1.3039104903361128e-07,-1.5132295716589123e-07
2778.5897396771143,-5.6561155433173535e-08,-9.145050102700829e-08
2784.9180578020573,-3.054516144466641e-08,-4.9272586938716364e-08
2791.246375927,-2.1006694746557584e-08,-4.383067389537907e-08
2797.5746940519425,-1.569265238847597e-08,-2.981422413760758e-08
2803.9030121768856,-1.1157559476319078e-08,-1.2804639089508283e-08
2810.231330301828,-8.088852032045144e-09,-8.093812417198428e-09
2816.559648426771,-5.594060467691832e-09,-5.600307154273276e-09
2822.887966551714,-4.440618375865357e-09,-4.4533542472088815e-09
2829.2162846766564,-3.840299067836198e-09,-3.856850098231641e-09
2835.5446028015995,-3.430135756291225e-09,-3.479913789587098e-09
2841.872920926542,-3.171047010649504e-09,-3.181764934654175e-09
2848.2012390514847,-2.8211237361101153e-09,-2.81167690743796e-09
2854.5295571764277,-2.7263153088097567e-09,-2.8062825401686668e-09
2860.8578753013703,-2.5708144094297985e-09,-2.821479862129496e-09
2867.1861934263134,-2.305455164680011e-09,-2.5158776538891417e-09
2873.514511551256,-2.1750855825008895e-09,-2.197131218618385e-09
2879.842829676199,-1.9733592541707097e-09,-1.9941758105569614e-09
2886.1711478011416,-1.9849708069108263e-09,-1.9527988287828435e-09
2892.499465926084,-1.5609828005160103e-09,-1.5186804864694294e-09
2898.8277840510273,-1.8013168974975148e-09,-1.7204034801221214e-09
2905.15610217597,-1.525485299355716e-09,-1.429460115853473e-09
2911.484420300913,-1.396253648127082e-09,-1.230106822532975e-09
2917.8127384258555,-1.3619329305197288e-09,-1.0766405768343552e-09
2924.141056550798,-1.2482753933045647e-09,-7.957887649240575e-10
2930.469374675741,-8.961328840682896e-10,-5.241235626014886e-10
2936.7976928006838,-7.022472847869062e-10,-3.560014935359278e-10
2943.1260109256264,-9.902982349212965e-10,-3.0385434127580583e-10
2949.4543290505694,-1.1618691014256582e-09,-5.198138935421036e-10
2955.782647175512,-1.0388197032221822e-09,-8.193021508350075e-10
2962.110965300455,-1.4773703332350166e-09,-8.636438724076427e-10
2968.4392834253977,-1.930263276109096e-09,-6.08933393299116e-10
2974.7676015503407,-1.0399342036458794e-09,-3.696397584383615e-10
2981.0959196752833,-5.545398137544008e-09,-5.423826553032664e-09
2987.424237800226,-9.191806894605632e-10,-3.9591201581633665e-10
2993.752555925169,-9.167704094443014e-10,-1.1469947955285824e-09
3000.0808740501116,-1.5470860688391578e-09,-9.7325725246722e-10
3006.409192175054,-3.673851776314854e-10,-3.507774593055244e-09
3012.737510299997,-9.392837455525771e-11,-4.569744599328049e-09
3019.06582842494,-3.057439687963022e-10,-5.170216083680288e-09
3025.3941465498824,-1.4814924800555421e-10,-1.416506773164308e-08
3031.7224646748255,-5.6368143753530424e-11,-1.2417695765431326e-08
3038.0507827997685,-1.8741941720178298e-10,-1.6561512471482837e-08
3044.379100924711,-2.2983858495896425e-10,-1.7272298594021155e-08
3050.7074190496537,-1.1524831118011372e-10,-1.8532974268146702e-08
3057.0357371745968,-7.064766748734141e-11,-2.9468081946245068e-08
3063.3640552995394,-7.061383939750919e-11,-4.918090868284762e-09
3069.6923734244824,-1.3059867177656883e-10,-4.629090577662233e-10
3076.020691549425,-1.243005649190752e-10,-4.389508573678624e-10
3082.3490096743676,-8.082338319424015e-11,-1.7402349034449742e-09
3088.6773277993107,-2.773920963731479e-10,-4.670491319798252e-10
3095.0056459242533,-1.978239347402384e-10,-5.575321377971388e-09
3101.333964049196,-1.8152908307868852e-10,-1.3738566850671365e-09
3107.662282174139,-5.821327711748277e-10,-7.880647915388427e-10
3113.9906002990815,-1.5251884298550386e-10,-4.511579930437075e-10
3120.318918424024,-5.83720448093165e-11,-1.5496665630436626e-09
3126.647236548967,-3.9745439141628207e-10,-1.569234773875105e-09
3132.97555467391,-8.086369353655201e-10,-1.0501563271554409e-09
3139.303872798853,-3.5841073563654538e-09,-3.5398339108653707e-09
3145.6321909237954,-9.781751328204817e-09,-9.664467298516749e-09
3151.960509048738,-1.7040438895578903e-08,-1.7016875188720333e-08
3158.288827173681,-4.0831402118110134e-08,-4.1269116896069426e-08
3164.617145298624,-4.479983008956882e-08,-4.545632303933033e-08
3170.9454634235667,-7.561574123266127e-09,-8.329404673945892e-09
3177.2737815485093,-9.606387438533885e-10,-3.4841120240056e-09
3183.6020996734524,-1.9170535700227335e-09,-2.5480333963806206e-09
3189.930417798395,-1.410931167054238e-08,-1.4562936994338704e-08
3196.2587359233376,-1.1452188335127156e-08,-1.2599277185185228e-08
3202.5870540482806,-2.3826887133403238e-08,-2.422534259853182e-08
3208.915372173223,-1.5495827858950638e-08,-1.5750410420641472e-08
3215.243690298166,-2.7921776179068136e-09,-2.869057931493927e-09
3221.572008423109,-1.3198849509925151e-09,-1.4863500981017747e-09
3227.900326548052,-6.69759750794739e-10,-8.314257690227566e-10
3234.2286446729945,-9.643497713135487e-11,-1.2200154022448475e-09
3240.556962797937,-1.0507956877757893e-10,-4.412370189802507e-10
3246.8852809228797,-2.449263387183938e-10,-3.208858207340631e-10
