anio,clase_2y3,clase_3,clase_2,clase_1,series_con_crecida
1300,1,1,0,0,1
1301,0,0,0,0,0
1302,0,0,0,0,0
1303,0,0,0,0,0
1304,0,0,0,0,0
1305,0,0,0,0,0
1306,0,0,0,0,0
1307,0,0,0,0,0
1308,0,0,0,0,0
1309,4,0,4,0,4
1310,7,1,6,1,8
1311,0,0,0,0,0
1312,1,0,1,0,1
1313,0,0,0,0,0
1314,0,0,0,0,0
1315,8,1,7,0,8
1316,12,6,6,0,12
1317,0,0,0,0,0
1318,0,0,0,0,0
1319,0,0,0,0,0
1320,0,0,0,0,0
1321,2,0,2,0,2
1322,0,0,0,0,0
1323,0,0,0,0,0
1324,0,0,0,0,0
1325,0,0,0,0,0
1326,0,0,0,0,0
1327,1,0,1,0,1
1328,0,0,0,0,0
1329,0,0,0,0,0
1330,0,0,0,0,0
1331,0,0,0,0,0
1332,0,0,0,0,0
1333,5,0,5,0,5
1334,1,1,0,0,1
1335,2,2,0,1,3
1336,0,0,0,1,1
1337,1,0,1,0,1
1338,0,0,0,0,0
1339,0,0,0,1,1
1340,0,0,0,0,0
1341,2,0,2,1,3
1342,62,26,36,10,72
1343,25,19,6,5,30
1344,2,1,1,0,2
1345,19,1,18,0,19
1346,1,0,1,0,1
1347,1,0,1,0,1
1348,0,0,0,0,0
1349,3,1,2,0,3
1350,0,0,0,0,0
1351,0,0,0,0,0
1352,0,0,0,0,0
1353,0,0,0,0,0
1354,0,0,0,0,0
1355,1,1,0,0,1
1356,1,0,1,0,1
1357,1,1,0,1,2
1358,0,0,0,0,0
1359,9,0,9,0,9
1360,0,0,0,0,0
1361,1,1,0,0,1
1362,1,0,1,0,1
1363,0,0,0,1,1
1364,1,0,1,0,1
1365,1,0,1,0,1
1366,5,0,5,1,6
1367,4,0,4,1,5
1368,1,0,1,0,1
1369,0,0,0,0,0
1370,3,0,3,0,3
1371,0,0,0,0,0
1372,4,0,4,1,5
1373,1,0,1,0,1
1374,21,1,20,1,22
1375,0,0,0,0,0
1376,1,0,1,0,1
1377,0,0,0,2,2
1378,0,0,0,1,1
1379,1,1,0,0,1
1380,0,0,0,0,0
1381,0,0,0,1,1
1382,0,0,0,0,0
1383,1,0,1,0,1
1384,0,0,0,0,0
1385,13,0,13,0,13
1386,1,0,1,0,1
1387,3,0,3,0,3
1388,0,0,0,0,0
1389,0,0,0,0,0
1390,0,0,0,0,0
1391,0,0,0,0,0
1392,2,0,2,0,2
1393,0,0,0,0,0
1394,0,0,0,0,0
1395,0,0,0,0,0
1396,6,2,4,1,7
1397,0,0,0,0,0
1398,0,0,0,0,0
1399,7,0,7,0,7
1400,4,0,4,0,4
1401,0,0,0,0,0
1402,8,2,6,0,8
1403,0,0,0,0,0
1404,5,0,5,0,5
1405,5,0,5,0,5
1406,2,0,2,0,2
1407,0,0,0,0,0
1408,8,1,7,0,8
1409,0,0,0,0,0
1410,0,0,0,0,0
1411,0,0,0,0,0
1412,0,0,0,1,1
1413,5,0,5,0,5
1414,2,0,2,0,2
1415,8,0,8,0,8
1416,0,0,0,1,1
1417,0,0,0,0,0
1418,0,0,0,0,0
1419,0,0,0,0,0
1420,0,0,0,0,0
1421,3,1,2,0,3
1422,9,1,8,0,9
1423,0,0,0,0,0
1424,3,0,3,0,3
1425,0,0,0,0,0
1426,0,0,0,0,0
1427,1,0,1,0,1
1428,0,0,0,0,0
1429,0,0,0,0,0
1430,1,0,1,0,1
1431,0,0,0,0,0
1432,15,5,10,0,15
1433,12,3,9,0,12
1434,3,0,3,2,5
1435,1,1,0,0,1
1436,2,0,2,0,2
1437,2,0,2,0,2
1438,2,0,2,0,2
1439,2,0,2,0,2
1440,0,0,0,2,2
1441,1,0,1,0,1
1442,0,0,0,1,1
1443,1,0,1,4,5
1444,0,0,0,2,2
1445,5,0,5,1,6
1446,0,0,0,1,1
1447,0,0,0,1,1
1448,0,0,0,0,0
1449,0,0,0,0,0
1450,0,0,0,0,0
1451,1,0,1,0,1
1452,0,0,0,0,0
1453,0,0,0,0,0
1454,2,1,1,0,2
1455,1,0,1,0,1
1456,1,0,1,0,1
1457,1,0,1,0,1
1458,2,0,2,1,3
1459,1,0,1,0,1
1460,6,0,6,0,6
1461,1,0,1,0,1
1462,0,0,0,0,0
1463,0,0,0,0,0
1464,6,0,6,0,6
1465,2,0,2,0,2
1466,2,2,0,1,3
1467,1,0,1,0,1
1468,5,0,5,0,5
1469,2,1,1,0,2
1470,1,0,1,0,1
1471,0,0,0,0,0
1472,1,0,1,0,1
1473,0,0,0,0,0
1474,0,0,0,0,0
1475,1,0,1,0,1
1476,2,1,1,0,2
1477,1,0,1,0,1
1478,3,1,2,0,3
1479,0,0,0,0,0
1480,11,1,10,2,13
1481,6,0,6,1,7
1482,1,0,1,1,2
1483,0,0,0,0,0
1484,0,0,0,1,1
1485,11,1,10,0,11
1486,5,1,4,2,7
1487,0,0,0,1,1
1488,2,0,2,0,2
1489,3,0,3,0,3
1490,2,1,1,2,4
1491,11,0,11,1,12
1492,1,1,0,0,1
1493,5,0,5,2,7
1494,0,0,0,0,0
1495,3,1,2,2,5
1496,10,0,10,0,10
1497,6,0,6,0,6
1498,0,0,0,0,0
1499,4,2,2,1,5
1500,7,2,5,6,13
1501,19,17,2,8,27
1502,1,0,1,3,4
1503,3,0,3,3,6
1504,3,0,3,7,10
1505,9,2,7,5,14
1506,3,0,3,4,7
1507,4,1,3,1,5
1508,8,1,7,1,9
1509,2,0,2,5,7
1510,0,0,0,0,0
1511,14,7,7,7,21
1512,2,0,2,3,5
1513,2,2,0,1,3
1514,5,3,2,4,9
1515,18,4,14,8,26
1516,3,0,3,2,5
1517,2,2,0,2,4
1518,2,0,2,1,3
1519,4,1,3,9,13
1520,4,0,4,6,10
1521,4,0,4,5,9
1522,7,2,5,5,12
1523,3,1,2,5,8
1524,7,2,5,6,13
1525,6,1,5,2,8
1526,3,2,1,8,11
1527,7,4,3,4,11
1528,7,4,3,3,10
1529,10,4,6,7,17
1530,7,2,5,6,13
1531,5,2,3,5,10
1532,2,1,1,6,8
1533,2,1,1,10,12
1534,3,1,2,3,6
1535,3,2,1,3,6
1536,2,1,1,3,5
1537,4,2,2,4,8
1538,2,0,2,2,4
1539,7,2,5,6,13
1540,2,1,1,6,8
1541,4,0,4,8,12
1542,7,4,3,8,15
1543,3,3,0,5,8
1544,11,5,6,5,16
1545,6,5,1,2,8
1546,6,2,4,1,7
1547,2,2,0,1,3
1548,6,4,2,4,10
1549,2,1,1,2,4
1550,3,2,1,6,9
1551,10,3,7,8,18
1552,12,3,9,1,13
1553,5,4,1,6,11
1554,3,2,1,3,6
1555,4,2,2,8,12
1556,2,1,1,6,8
1557,8,5,3,7,15
1558,2,0,2,3,5
1559,6,2,4,5,11
1560,3,0,3,5,8
1561,4,1,3,3,7
1562,5,2,3,4,9
1563,4,2,2,8,12
1564,2,1,1,5,7
1565,16,2,14,13,29
1566,22,9,13,9,31
1567,10,4,6,12,22
1568,4,0,4,5,9
1569,13,8,5,4,17
1570,21,9,12,13,34
1571,10,6,4,8,18
1572,8,3,5,7,15
1573,15,3,12,16,31
1574,0,0,0,3,3
1575,4,0,4,9,13
1576,2,1,1,3,5
1577,4,3,1,6,10
1578,6,1,5,6,12
1579,8,1,7,11,19
1580,3,3,0,7,10
1581,9,4,5,13,22
1582,14,3,11,10,24
1583,4,0,4,6,10
1584,7,1,6,11,18
1585,5,3,2,6,11
1586,6,2,4,11,17
1587,5,2,3,2,7
1588,2,1,1,10,12
1589,12,4,8,8,20
1590,3,2,1,6,9
1591,8,3,5,6,14
1592,1,1,0,6,7
1593,10,4,6,10,20
1594,5,1,4,2,7
1595,16,13,3,13,29
1596,6,3,3,8,14
1597,8,4,4,4,12
1598,13,8,5,8,21
1599,8,1,7,12,20
1600,5,0,5,5,10
1601,5,0,5,9,14
1602,13,6,7,4,17
1603,7,1,6,8,15
1604,12,5,7,8,20
1605,5,0,5,8,13
1606,5,3,2,2,7
1607,8,2,6,5,13
1608,14,3,11,11,25
1609,11,6,5,8,19
1610,6,1,5,6,12
1611,7,4,3,1,8
1612,3,0,3,4,7
1613,5,1,4,10,15
1614,10,5,5,1,11
1615,10,6,4,1,11
1616,7,1,6,9,16
1617,13,7,6,6,19
1618,18,6,12,17,35
1619,0,0,0,6,6
1620,4,0,4,1,5
1621,6,1,5,5,11
1622,8,3,5,7,15
1623,1,1,0,6,7
1624,7,2,5,8,15
1625,6,1,5,11,17
1626,10,6,4,5,15
1627,6,2,4,2,8
1628,7,2,5,8,15
1629,10,3,7,7,17
1630,4,0,4,4,8
1631,1,0,1,5,6
1632,4,1,3,10,14
1633,14,2,12,6,20
1634,5,3,2,6,11
1635,10,4,6,2,12
1636,7,4,3,5,12
1637,5,2,3,4,9
1638,3,1,2,4,7
1639,3,1,2,4,7
1640,13,4,9,11,24
1641,9,1,8,6,15
1642,6,1,5,4,10
1643,10,9,1,1,11
1644,2,1,1,3,5
1645,2,2,0,3,5
1646,3,1,2,7,10
1647,6,2,4,7,13
1648,3,1,2,7,10
1649,11,4,7,16,27
1650,4,1,3,13,17
1651,26,13,13,15,41
1652,7,4,3,10,17
1653,4,2,2,5,9
1654,2,1,1,3,5
1655,13,8,5,7,20
1656,6,0,6,7,13
1657,7,2,5,10,17
1658,19,8,11,7,26
1659,2,0,2,6,8
1660,7,2,5,8,15
1661,19,7,12,10,29
1662,4,1,3,6,10
1663,15,1,14,5,20
1664,8,2,6,9,17
1665,8,2,6,4,12
1666,2,0,2,2,4
1667,3,0,3,8,11
1668,8,1,7,9,17
1669,2,1,1,12,14
1670,12,7,5,11,23
1671,2,0,2,3,5
1672,4,3,1,8,12
1673,8,3,5,11,19
1674,6,2,4,5,11
1675,9,4,5,7,16
1676,7,2,5,9,16
1677,11,2,9,9,20
1678,5,1,4,4,9
1679,9,3,6,6,15
1680,7,3,4,6,13
1681,1,1,0,3,4
1682,14,7,7,7,21
1683,5,1,4,1,6
1684,11,4,7,5,16
1685,3,2,1,5,8
1686,6,2,4,4,10
1687,1,0,1,6,7
1688,5,2,3,6,11
1689,8,5,3,11,19
1690,4,1,3,9,13
1691,5,0,5,8,13
1692,6,2,4,6,12
1693,5,1,4,8,13
1694,8,6,2,5,13
1695,7,2,5,13,20
1696,1,0,1,5,6
1697,8,4,4,10,18
1698,11,3,8,17,28
1699,4,1,3,6,10
1700,2,0,2,3,5
1701,5,1,4,5,10
1702,10,1,9,13,23
1703,3,0,3,12,15
1704,3,1,2,8,11
1705,6,1,5,7,13
1706,3,1,2,8,11
1707,7,2,5,8,15
1708,7,2,5,3,10
1709,18,5,13,15,33
1710,5,1,4,7,12
1711,14,7,7,13,27
1712,9,5,4,8,17
1713,4,1,3,10,14
1714,3,2,1,6,9
1715,0,0,0,6,6
1716,6,1,5,12,18
1717,5,1,4,6,11
1718,3,1,2,10,13
1719,4,2,2,13,17
1720,8,2,6,5,13
1721,7,1,6,9,16
1722,3,0,3,7,10
1723,6,0,6,14,20
1724,2,0,2,8,10
1725,4,0,4,13,17
1726,16,5,11,15,31
1727,9,4,5,8,17
1728,3,1,2,14,17
1729,12,2,10,11,23
1730,7,1,6,6,13
1731,5,2,3,4,9
1732,12,6,6,5,17
1733,12,5,7,8,20
1734,6,1,5,7,13
1735,4,0,4,8,12
1736,17,5,12,9,26
1737,9,2,7,17,26
1738,4,0,4,11,15
1739,21,8,13,12,33
1740,32,17,15,34,66
1741,10,4,6,14,24
1742,0,0,0,9,9
1743,6,3,3,10,16
1744,7,2,5,14,21
1745,9,1,8,13,22
1746,3,0,3,5,8
1747,12,0,12,15,27
1748,8,4,4,23,31
1749,8,0,8,15,23
1750,22,8,14,12,34
1751,13,4,9,15,28
1752,13,4,9,16,29
1753,1,0,1,8,9
1754,2,1,1,8,10
1755,11,3,8,12,23
1756,7,1,6,6,13
1757,4,2,2,9,13
1758,9,2,7,10,19
1759,1,0,1,4,5
1760,7,1,6,12,19
1761,8,2,6,7,15
1762,15,8,7,4,19
1763,10,1,9,15,25
1764,14,8,6,10,24
1765,3,0,3,9,12
1766,8,6,2,4,12
1767,5,0,5,11,16
1768,8,3,5,13,21
1769,6,1,5,14,20
1770,20,7,13,19,39
1771,14,8,6,17,31
1772,14,8,6,14,28
1773,2,1,1,8,10
1774,12,3,9,13,25
1775,13,3,10,6,19
1776,12,2,10,14,26
1777,14,2,12,12,26
1778,17,4,13,18,35
1779,6,3,3,11,17
1780,5,0,5,13,18
1781,4,1,3,19,23
1782,3,1,2,6,9
1783,15,7,8,21,36
1784,33,21,12,11,44
1785,9,4,5,16,25
1786,21,8,13,16,37
1787,16,5,11,10,26
1788,9,2,7,9,18
1789,29,17,12,23,52
1790,5,4,1,4,9
1791,7,1,6,8,15
1792,5,1,4,13,18
1793,5,2,3,9,14
1794,5,0,5,4,9
1795,9,2,7,16,25
1796,5,2,3,7,12
1797,5,1,4,5,10
1798,4,1,3,2,6
1799,25,12,13,14,39
1800,7,1,6,6,13
1801,9,5,4,17,26
1802,7,2,5,24,31
1803,10,1,9,12,22
1804,10,2,8,7,17
1805,9,5,4,17,26
1806,6,0,6,15,21
1807,10,2,8,14,24
1808,7,3,4,4,11
1809,7,4,3,13,20
1810,4,1,3,12,16
1811,5,1,4,15,20
1812,8,1,7,10,18
1813,13,3,10,13,26
1814,11,5,6,16,27
1815,5,1,4,11,16
1816,20,7,13,20,40
1817,19,7,12,15,34
1818,2,0,2,6,8
1819,4,1,3,13,17
1820,11,1,10,15,26
1821,14,7,7,19,33
1822,7,2,5,4,11
1823,9,1,8,8,17
1824,13,5,8,15,28
1825,5,2,3,12,17
1826,12,6,6,15,27
1827,18,7,11,16,34
1828,3,1,2,17,20
1829,13,5,8,20,33
1830,31,9,22,18,49
1831,22,3,19,24,46
1832,4,1,3,7,11
1833,7,2,5,20,27
1834,12,6,6,20,32
1835,8,2,6,7,15
1836,8,1,7,22,30
1837,15,6,9,17,32
1838,7,1,6,14,21
1839,11,4,7,33,44
1840,16,5,11,22,38
1841,16,3,13,25,41
1842,4,1,3,10,14
1843,20,7,13,26,46
1844,22,5,17,23,45
1845,47,22,25,27,74
1846,36,14,22,26,62
1847,9,0,9,32,41
1848,6,2,4,14,20
1849,13,2,11,11,24
1850,22,6,16,29,51
1851,19,4,15,19,38
1852,13,4,9,23,36
1853,26,7,19,29,55
1854,6,3,3,20,26
1855,24,11,13,29,53
1856,24,9,15,23,47
1857,5,2,3,9,14
1858,7,3,4,10,17
1859,2,1,1,11,13
1860,17,7,10,27,44
1861,8,2,6,18,26
1862,23,8,15,18,41
1863,3,1,2,11,14
1864,10,2,8,11,21
1865,4,1,3,22,26
1866,13,6,7,7,20
1867,11,1,10,19,30
1868,20,6,14,11,31
1869,7,1,6,14,21
1870,3,3,0,7,10
1871,15,7,8,16,31
1872,24,6,18,25,49
1873,7,1,6,11,18
1874,14,1,13,16,30
1875,10,5,5,13,23
1876,23,7,16,29,52
1877,17,7,10,12,29
1878,10,3,7,17,27
1879,21,9,12,24,45
1880,14,4,10,25,39
1881,21,7,14,24,45
1882,12,5,7,29,41
1883,7,3,4,12,19
1884,3,2,1,9,12
1885,11,4,7,15,26
1886,10,3,7,15,25
1887,3,1,2,11,14
1888,26,7,19,23,49
1889,8,0,8,16,24
1890,9,4,5,27,36
1891,14,2,12,16,30
1892,8,0,8,13,21
1893,8,2,6,13,21
1894,3,0,3,6,9
1895,11,1,10,18,29
1896,13,0,13,16,29
1897,19,6,13,35,54
1898,5,0,5,7,12
1899,13,5,8,19,32
1900,7,3,4,27,34
1901,10,1,9,21,31
1902,11,1,10,10,21
1903,11,3,8,10,21
1904,7,1,6,8,15
1905,6,0,6,7,13
1906,6,0,6,18,24
1907,21,5,16,20,41
1908,7,0,7,9,16
1909,12,5,7,11,23
1910,32,16,16,18,50
1911,3,1,2,10,13
1912,5,1,4,15,20
1913,5,0,5,18,23
1914,5,0,5,23,28
1915,5,2,3,19,24
1916,10,4,6,20,30
1917,11,3,8,20,31
1918,6,3,3,13,19
1919,8,1,7,21,29
1920,15,5,10,22,37
1921,0,0,0,6,6
1922,3,0,3,13,16
1923,6,1,5,10,16
1924,15,3,12,25,40
1925,9,0,9,21,30
1926,17,11,6,33,50
1927,13,7,6,19,32
1928,10,1,9,19,29
1929,4,0,4,13,17
1930,8,3,5,15,23
1931,5,1,4,23,28
1932,13,3,10,24,37
1933,4,0,4,16,20
1934,9,5,4,12,21
1935,10,2,8,16,26
1936,12,0,12,9,21
1937,7,3,4,25,32
1938,8,2,6,14,22
1939,10,1,9,22,32
1940,23,6,17,30,53
1941,14,5,9,27,41
1942,8,1,7,13,21
1943,3,1,2,16,19
1944,12,4,8,20,32
1945,7,2,5,13,20
1946,7,1,6,14,21
1947,14,3,11,17,31
1948,11,3,8,18,29
1949,5,0,5,10,15
1950,7,0,7,5,12
1951,13,4,9,17,30
1952,4,0,4,12,16
1953,5,1,4,17,22
1954,8,3,5,15,23
1955,15,3,12,16,31
1956,7,3,4,14,21
1957,5,1,4,12,17
1958,8,1,7,21,29
1959,7,1,6,21,28
1960,4,1,3,17,21
1961,5,3,2,5,10
1962,4,2,2,17,21
1963,8,1,7,15,23
1964,6,1,5,15,21
1965,15,2,13,27,42
1966,19,5,14,27,46
1967,6,1,5,19,25
1968,5,1,4,16,21
1969,2,0,2,11,13
1970,15,7,8,18,33
1971,5,1,4,9,14
1972,1,1,0,10,11
1973,9,3,6,13,22
1974,7,0,7,9,16
1975,7,1,6,9,16
1976,5,1,4,11,16
1977,17,1,16,22,39
1978,9,3,6,16,25
1979,4,1,3,14,18
1980,10,4,6,18,28
1981,17,4,13,18,35
1982,15,5,10,20,35
1983,7,2,5,21,28
1984,5,1,4,9,14
1985,5,1,4,12,17
1986,3,0,3,15,18
1987,5,3,2,27,32
1988,7,1,6,12,19
1989,3,0,3,10,13
1990,5,0,5,8,13
1991,7,2,5,15,22
1992,4,0,4,14,18
1993,9,6,3,16,25
1994,11,2,9,17,28
1995,11,6,5,19,30
1996,5,2,3,14,19
1997,13,6,7,8,21
1998,12,2,10,11,23
1999,17,7,10,29,46
2000,14,5,9,21,35
2001,11,5,6,13,24
2002,19,9,10,16,35
2003,10,4,6,14,24
2004,7,4,3,14,21
2005,17,6,11,10,27
2006,6,3,3,15,21
2007,3,0,3,11,14
2008,2,1,1,6,8
2009,2,0,2,6,8
2010,12,2,10,15,27
2011,6,0,6,10,16
2012,0,0,0,4,4
2013,13,5,8,7,20
2014,4,2,2,8,12
