Fatty acid,Missbach FT (SYN),Fischer-Tropsch (SYN) (McCollom & Seewald07),Enceladus abiotic (SYN) (Klenner+20b),EET 87770 (CR2) (Aponte+2011) (S),EET 87770 (CR2) (Aponte+2011) (B),ALH 84034 (CM1) (Aponte+2011) (S),ALH 84034 (CM1) (Aponte+2011) (B),ALH 84033 (CM2) (Aponte+2011) (S),ALH 84033 (CM2) (Aponte+2011) (B),MET 00430 (CV3) (Aponte+2011) (S),MET 00430 (CV3) (Aponte+2011) (B),WIS 91600 (C2) (Aponte+2011) (S),WIS 91600 (C2) (Aponte+2011) (B),Murchison (CM2) (S),Murchison (CM2) (B),LON 94101 (CM2) (Aponte+2014),Enceladus biotic (SYN) (Klenner+20a),E. coli (MIC) (Hildebrand & Law64),A. tumefaciens (MIC) (Hildebrand & Law64),C. butyricum (MIC) (Hildebrand & Law64),S. marcescens (MIC) (Hildebrand & Law64),Arabidopsis roots 2-weeks old (EUK) (Batsale+21),Geobacillus LC300 (MIC) (Cordova+17),Thermus thermophilus HB8 (MIC) (Cordova+17),Rhodothermus marinus DSM 4252 (MIC) (Cordova+17),PANGAEA_GeoB7702-3_15 (MIX),PANGAEA_GeoB7702-3_252 (MIX),PANGAEA_GeoB7702-3_396 (MIX),PANGAEA_GeoB7702-3_135 (MIX),PANGAEA_GeoB7702-3_324 (MIX),PANGAEA_SO242/2_202_PUC-46-61-79 (MIX),Gorka_p_AN (MIX),Gorka_p_FN (MIX),Gorka_p_GN (MIX)
Sample Class,1,1,1,1,1,1,1,1,1,1,1,1,1,1,1,1,3,3,3,3,3,3,3,3,3,3,3,3,3,3,3,3,3,3
Stat Model,logn,logn,logn,logn,logn,logn,logn,logn,logn,logn,logn,logn,logn,logn,logn,logn,logn,logn,logn,logn,logn,logn,logn,logn,logn,logn,logn,logn,logn,logn,logn,t,t,t
Stat Model DF,,,,,,,,,,,,,,,,,,,,,,,,,,,,,,,,3,3,3
C20,0.894151952,69.2,5.5,,,,,,,,,,,,,,3,0,0,0,0,15,,,,130,325,123,99,38,0,0,0,0
C22,0.772860951,53.8,0,,,,,,,,,,,,,,0,0,0,0,0,41.1,,,,124,423,97,92,41,0.1612,0,0,0
C23,0.731037331,48,0,,,,,,,,,,,,,,0,0,0,0,0,3.1,,,,48,141,44,33,12,0,0,0,0
C24,0.647177344,40.5,0,,,,,,,,,,,,,,0,0,0,0,0,37.9,,,,201,594,172,140,59,0,0,0,0
C25,0.620784162,31.4,0,,,,,,,,,,,,,,0,0,0,0,0,1.4,,,,66,147,65,44,16,0,0,0,0
C26,0.585017583,23.4,0,,,,,,,,,,,,,,0,0,0,0,0,1.9,,,,216,783,255,193,82,0,0,0,0
C19,0.933460147,76.6,5.5,,,,,,,,,,,,,,0.3,8,38,7,2,0,,,,21,90,22,24,20,0,0,0,0
C18,0.952657464,81.8,5.5,,,,,,,,,,,,,,18,0,0,0,0,0,0.23,0.48,1.18,409,856,203,329,85,0.0623,4.594792672,110.2140445,36.4576852
C17,1.000300349,89.3,5.5,,,,,,,,,,,,,,0.4,39,6,19,42,0,0.79,0.96,1.11,52,177,38,46,14,0,1.823944601,11.26352997,2.820249492
C16,0.888658065,93.8,5.5,,,,,,,,,,,,,,20,41,8,44,39,0,2.38,1.83,1.06,965,1841,439,677,167,0.2042,44.53375669,474.8211731,114.2586551
C15,0.71763425,97.6,5.5,,,,,,,,,,,,,,0.4,0,0,0,0,0,0.4,0.46,0.3,,,,,,0.0449,2.18112337,12.51026624,3.357972964
C14,0.465753939,98.1,5.5,,,,,,,,,,,,,,4,4,1,8,6,0,0.06,0.11,0.07,,,,,,0.0442,2.735991223,15.09748163,4.889210345
C13,0.378640169,100,5.5,,,,,,,,,,,,,,0.5,0,0,0,0,0,,,,,,,,,0,0,0,0
C12,0.293678902,95.7,5.5,,,,,,,,,,,,,,5,0,0,0,0,0,,,,,,,,,0,0,0,0
C16:1,,0,0,,,,,,,,,,,,,,0,3,1,17,5,0,0,0,0,,,,,,,,,
C18:1,,0,0,,,,,,,,,,,,,,0,5,46,2,2,0,0,0,0,,,,,,,,,
C21,0.83548375,61.1,0,,,,,,,,,,,,,,0,0,0,0,0,0,,,,25,105,25,24,8,0.6976,0,0,0
C27,0.545571727,17.4,0,,,,,,,,,,,,,,0,0,0,0,0,0,,,,62,148,72,43,19,0,0,0,0
C28,0.477993167,11.6,0,,,,,,,,,,,,,,0,0,0,0,0,0,,,,208,730,260,173,81,0,0,0,0
2-ethylbutanoic,,,,,,,,,,,,,,,,212,,,,,,,,,,,,,,,,,,
2-methylpentanoic,,,,,,,,,,,,,,,,505,,,,,,,,,,,,,,,,,,
3-methylpentanoic,,,,,,,,,,,,,,,,460,,,,,,,,,,,,,,,,,,
C6,,,,,,,,,,,,,,,,409,,,,,,,,,,,,,,,,,,
2-methylhexanoic,,,,,,,,,,,,,,,,343,,,,,,,,,,,,,,,,,,
2-ethylhexanoic,,,,,,,,,,,,,,,,84,,,,,,,,,,,,,,,,,,
C7,,,,,,,,,,,,,,,,468,,,,,,,,,,,,,,,,,,
C8,,,,,,,,,,,,,,,,181,,,,,,,,,,,,,,,,,,
C9,,,,,,,,,,,,,,,,209,,,,,,,,,,,,,,,,,,
C10,,,,,,,,,,,,,,,,0,,,,,,,,,,,,,,,,,,
B6,,,,,112.265,,142.77,,37.365,,56.26,,9.3,,658.545,,,,,,,,,,,,,,,,,,,
B7,,,,,163.11,,175.555,,36.69,,37.19,,8.025,,469.325,,,,,,,,,,,,,,,,,,,
B8,,,,,112.39,,155.23,,21.51,,10.36,,11.765,,225.2,,,,,,,,,,,,,,,,,,,
B9,,,,,28.05,,125.93,,3.84,,36.16,,7.2,,56.27,,,,,,,,,,,,,,,,,,,
B10,,,,,,,,,,,,,,,,,,,,,,,,,,,,,,,,,,
S6,,,,,,,,,,,,,,,,,,,,,,,,,,,,,,,,,,
S7,,,,9.98,,25.54,,34.66,,8.15,,5.76,,252.59,,,,,,,,,,,,,,,,,,,,
S8,,,,8.06,,8.29,,9.21,,8.01,,3.65,,235.4,,,,,,,,,,,,,,,,,,,,
S9,,,,7.57,,7.44,,8.71,,7.69,,2.68,,270.84,,,,,,,,,,,,,,,,,,,,
S10,,,,10.05,,8.51,,12.48,,9.31,,6.24,,463.67,,,,,,,,,,,,,,,,,,,,