year,model,temp_anomaly_C
2000,0,0.5563
2001,0,0.4433
2002,0,0.4344
2003,0,0.6107
2004,0,0.4525
2005,0,0.5418
2006,0,0.5476
2007,0,0.3924
2008,0,0.5596
2009,0,0.4934
2010,0,0.6743
2011,0,0.7954
2012,0,0.931
2013,0,0.6476
2014,0,0.8669
2015,0,0.945
2016,0,1.039
2017,0,0.966
2018,0,0.9517
2019,0,1.0953
2020,0,1.068
2021,0,1.2105
2022,0,1.2803
2023,0,1.2608
2024,0,1.4354
2025,0,1.43
2026,0,1.2964
2027,0,1.4524
2028,0,1.5581
2029,0,1.6289
2030,0,1.5686
2031,0,1.514
2032,0,1.4875
2033,0,1.6294
2034,0,1.4723
2035,0,1.7015
2036,0,1.647
2037,0,1.6955
2038,0,1.8077
2039,0,1.7935
2040,0,1.8622
2041,0,1.809
2042,0,1.9363
2043,0,2.0919
2044,0,1.9855
2045,0,2.0347
2046,0,2.0849
2047,0,2.1925
2048,0,2.1784
2049,0,2.1645
2050,0,2.0115
2051,0,2.181
2052,0,2.3544
2053,0,2.3318
2054,0,2.1966
2055,0,2.0782
2056,0,2.2588
2057,0,2.1847
2058,0,2.2789
2059,0,2.1505
2060,0,2.228
2061,0,2.2757
2062,0,2.2996
2063,0,2.4065
2064,0,2.3957
2065,0,2.3062
2066,0,2.2821
2067,0,2.4593
2068,0,2.4211
2069,0,2.3331
2070,0,2.2814
2071,0,2.4599
2072,0,2.1979
2073,0,2.3198
2074,0,2.3085
2075,0,2.2473
2076,0,2.2529
2077,0,2.2861
2078,0,2.3915
2079,0,2.5313
2080,0,2.3155
2081,0,2.2963
2082,0,2.3775
2083,0,2.3058
2084,0,2.4409
2085,0,2.3218
2086,0,2.4104
2087,0,2.4187
2088,0,2.3874
2089,0,2.4298
2090,0,2.5572
2091,0,2.4193
2092,0,2.4617
2093,0,2.5797
2094,0,2.4396
2095,0,2.4966
2096,0,2.5037
2097,0,2.2981
2098,0,2.3226
2099,0,2.3497
2100,0,2.4181
2101,0,2.4486
2102,0,2.555
2103,0,2.6585
2104,0,2.415
2105,0,2.4484
2106,0,2.3853
2107,0,2.4948
2108,0,2.5279
2109,0,2.5973
2110,0,2.4379
2111,0,2.3527
2112,0,2.6216
2113,0,2.5031
2114,0,2.3569
2115,0,2.4439
2116,0,2.5129
2117,0,2.5053
2118,0,2.4958
2119,0,2.3669
2120,0,2.5548
2121,0,2.4532
2122,0,2.3571
2123,0,2.4151
2124,0,2.5548
2125,0,2.6422
2126,0,2.6157
2127,0,2.5661
2128,0,2.4738
2129,0,2.39
2130,0,2.4968
2131,0,2.4798
2132,0,2.6067
2133,0,2.6048
2134,0,2.5399
2135,0,2.5111
2136,0,2.4969
2137,0,2.4253
2138,0,2.4938
2139,0,2.4874
2140,0,2.4848
2141,0,2.406
2142,0,2.319
2143,0,2.519
2144,0,2.4183
2145,0,2.3832
2146,0,2.3342
2147,0,2.4183
2148,0,2.28
2149,0,2.421
2150,0,2.3417
2151,0,2.3993
2152,0,2.442
2153,0,2.588
2154,0,2.4765
2155,0,2.5062
2156,0,2.3716
2157,0,2.3696
2158,0,2.2107
2159,0,2.0674
2160,0,2.1476
2161,0,2.3015
2162,0,2.177
2163,0,2.1679
2164,0,2.2465
2165,0,2.1833
2166,0,2.3758
2167,0,2.23
2168,0,2.3571
2169,0,2.3291
2170,0,2.2588
2171,0,2.4714
2172,0,2.3322
2173,0,2.3687
2174,0,2.4135
2175,0,2.3516
2176,0,2.4272
2177,0,2.2331
2178,0,2.2178
2179,0,2.2149
2180,0,2.2408
2181,0,2.183
2182,0,2.2221
2183,0,2.2369
2184,0,2.1843
2185,0,2.128
2186,0,2.224
2187,0,2.3217
2188,0,2.3846
2189,0,2.2955
2190,0,2.3002
2191,0,2.2615
2192,0,2.4899
2193,0,2.2639
2194,0,2.2928
2195,0,2.3565
2196,0,2.4873
2197,0,2.4861
2198,0,2.2734
2199,0,2.358
2200,0,2.2634
2201,0,2.4176
2202,0,2.2828
2203,0,2.4242
2204,0,2.3927
2205,0,2.2842
2206,0,2.2062
2207,0,2.1473
2208,0,2.2546
2209,0,2.3557
2210,0,2.4147
2211,0,2.4641
2212,0,2.4106
2213,0,2.4064
2214,0,2.3182
2215,0,2.4308
2216,0,2.2424
2217,0,2.2751
2218,0,2.1848
2219,0,2.1148
2220,0,2.235
2221,0,2.2481
2222,0,2.3787
2223,0,2.2572
2224,0,2.2055
2225,0,2.3408
2226,0,2.2405
2227,0,2.3422
2228,0,2.4641
2229,0,2.3337
2230,0,2.4113
2231,0,2.4537
2232,0,2.4404
2233,0,2.1949
2234,0,2.2719
2235,0,2.2417
2236,0,2.3072
2237,0,2.4783
2238,0,2.2019
2239,0,2.3343
2240,0,2.4987
2241,0,2.4107
2242,0,2.3536
2243,0,2.2665
2244,0,2.3335
2245,0,2.2201
2246,0,2.2225
2247,0,2.1579
2248,0,2.3152
2249,0,2.2534
2250,0,2.2971
2251,0,2.5677
2252,0,2.3884
2253,0,2.3339
2254,0,2.3783
2255,0,2.4169
2256,0,2.2677
2257,0,2.3512
2258,0,2.3522
2259,0,2.4539
2260,0,2.3566
2261,0,2.3547
2262,0,2.5817
2263,0,2.3452
2264,0,2.3214
2265,0,2.4177
2266,0,2.527
2267,0,2.3379
2268,0,2.4172
2269,0,2.4768
2270,0,2.4817
2271,0,2.4394
2272,0,2.5059
2273,0,2.4887
2274,0,2.627
2275,0,2.4318
2276,0,2.4408
2277,0,2.5616
2278,0,2.3603
2279,0,2.4811
2280,0,2.3817
2281,0,2.5205
2282,0,2.4293
2283,0,2.5129
2284,0,2.5613
2285,0,2.3965
2286,0,2.4983
2287,0,2.3591
2288,0,2.5075
2289,0,2.5179
2290,0,2.5838
2291,0,2.3503
2292,0,2.5492
2293,0,2.6118
2294,0,2.462
2295,0,2.5401
2296,0,2.5899
2297,0,2.4252
2298,0,2.4429
2299,0,2.4052
2000,1,0.5919
2001,1,0.7086
2002,1,0.8695
2003,1,0.7908
2004,1,0.8282
2005,1,0.8845
2006,1,0.8142
2007,1,0.6725
2008,1,0.8278
2009,1,0.8757
2010,1,0.8212
2011,1,0.8698
2012,1,0.8846
2013,1,0.9889
2014,1,0.9743
2015,1,0.9924
2016,1,0.8479
2017,1,0.8791
2018,1,0.8613
2019,1,1.0384
2020,1,1.1771
2021,1,1.3509
2022,1,1.1953
2023,1,1.1759
2024,1,1.2978
2025,1,1.3354
2026,1,1.2984
2027,1,1.4416
2028,1,1.3957
2029,1,1.4511
2030,1,1.3553
2031,1,1.4486
2032,1,1.4459
2033,1,1.4425
2034,1,1.365
2035,1,1.6187
2036,1,1.5745
2037,1,1.5531
2038,1,1.5874
2039,1,1.747
2040,1,1.5998
2041,1,1.5547
2042,1,1.708
2043,1,1.7549
2044,1,1.6313
2045,1,1.56
2046,1,1.6322
2047,1,1.5056
2048,1,1.6216
2049,1,1.8045
2050,1,1.878
2051,1,1.7352
2052,1,1.7145
2053,1,1.7432
2054,1,1.7134
2055,1,1.5696
2056,1,1.6364
2057,1,1.8185
2058,1,1.9595
2059,1,1.8476
2060,1,1.7458
2061,1,1.7993
2062,1,1.8022
2063,1,1.8277
2064,1,1.7984
2065,1,1.6221
2066,1,1.8521
2067,1,1.9234
2068,1,1.883
2069,1,2.104
2070,1,2.0676
2071,1,2.0578
2072,1,1.8697
2073,1,1.9491
2074,1,2.105
2075,1,1.9703
2076,1,1.9083
2077,1,1.8892
2078,1,2.04
2079,1,1.9437
2080,1,1.9461
2081,1,1.9524
2082,1,1.9338
2083,1,1.9491
2084,1,2.0082
2085,1,2.119
2086,1,2.1489
2087,1,1.9876
2088,1,1.8557
2089,1,1.9547
2090,1,1.9405
2091,1,1.9261
2092,1,2.0243
2093,1,1.8121
2094,1,1.8008
2095,1,2.0553
2096,1,2.0487
2097,1,1.8125
2098,1,1.8609
2099,1,1.9886
2100,1,1.9564
2101,1,1.9307
2102,1,1.8338
2103,1,1.8461
2104,1,1.8602
2105,1,1.8472
2106,1,1.8631
2107,1,1.7363
2108,1,1.8378
2109,1,1.8396
2110,1,1.9023
2111,1,2.0732
2112,1,1.9505
2113,1,1.9625
2114,1,1.9737
2115,1,1.7891
2116,1,1.8648
2117,1,1.9036
2118,1,1.7497
2119,1,1.6108
2120,1,1.5991
2121,1,1.85
2122,1,1.9819
2123,1,2.1319
2124,1,2.076
2125,1,2.071
2126,1,1.9085
2127,1,2.0142
2128,1,1.9461
2129,1,1.8986
2130,1,1.9407
2131,1,2.0068
2132,1,2.0762
2133,1,1.9944
2134,1,1.8252
2135,1,1.8399
2136,1,1.8804
2137,1,1.9688
2138,1,1.8197
2139,1,1.7992
2140,1,1.9459
2141,1,1.9436
2142,1,1.8011
2143,1,1.806
2144,1,1.8203
2145,1,1.8711
2146,1,1.8117
2147,1,1.8242
2148,1,1.6746
2149,1,1.7816
2150,1,1.6792
2151,1,1.6837
2152,1,1.6807
2153,1,1.5938
2154,1,1.7184
2155,1,1.6943
2156,1,1.5847
2157,1,1.7287
2158,1,1.7778
2159,1,1.636
2160,1,1.6552
2161,1,1.6191
2162,1,1.7247
2163,1,1.746
2164,1,1.7054
2165,1,1.6857
2166,1,1.5901
2167,1,1.543
2168,1,1.6454
2169,1,1.8783
2170,1,1.734
2171,1,1.6559
2172,1,1.7519
2173,1,1.7736
2174,1,1.8512
2175,1,1.8243
2176,1,1.7552
2177,1,1.8077
2178,1,1.643
2179,1,1.7013
2180,1,1.6585
2181,1,1.7758
2182,1,1.7996
2183,1,1.7294
2184,1,1.8667
2185,1,1.8405
2186,1,1.7941
2187,1,1.8345
2188,1,1.7964
2189,1,1.7031
2190,1,1.7488
2191,1,1.7003
2192,1,1.5408
2193,1,1.7028
2194,1,1.8959
2195,1,1.8252
2196,1,1.835
2197,1,1.8087
2198,1,1.9468
2199,1,1.8736
2200,1,1.8578
2201,1,1.7324
2202,1,1.6206
2203,1,1.6742
2204,1,1.7525
2205,1,1.6537
2206,1,1.7394
2207,1,1.8604
2208,1,1.8838
2209,1,1.9194
2210,1,1.7679
2211,1,1.9197
2212,1,2.1261
2213,1,2.0158
2214,1,1.7133
2215,1,1.8509
2216,1,1.8135
2217,1,1.9019
2218,1,1.8657
2219,1,1.8553
2220,1,1.7448
2221,1,1.8111
2222,1,1.7671
2223,1,1.896
2224,1,2.0366
2225,1,1.9521
2226,1,1.8639
2227,1,1.785
2228,1,1.8234
2229,1,1.8503
2230,1,1.7478
2231,1,1.7614
2232,1,1.6468
2233,1,1.6889
2234,1,1.693
2235,1,1.6176
2236,1,1.8005
2237,1,1.8959
2238,1,1.8529
2239,1,1.811
2240,1,1.9517
2241,1,1.8521
2242,1,1.6777
2243,1,1.6559
2244,1,1.7036
2245,1,1.8221
2246,1,1.7952
2247,1,1.7527
2248,1,1.8195
2249,1,1.8246
2250,1,1.8994
2251,1,1.912
2252,1,1.7991
2253,1,1.8826
2254,1,2.0109
2255,1,1.9154
2256,1,1.9346
2257,1,1.7875
2258,1,1.8529
2259,1,1.8933
2260,1,1.9136
2261,1,1.8801
2262,1,1.8326
2263,1,1.6808
2264,1,1.6595
2265,1,1.7045
2266,1,1.7112
2267,1,1.6671
2268,1,1.6901
2269,1,1.6417
2270,1,1.8259
2271,1,1.9392
2272,1,1.5994
2273,1,1.6619
2274,1,1.6661
2275,1,1.7479
2276,1,1.6929
2277,1,1.6487
2278,1,1.8226
2279,1,1.8724
2280,1,1.8376
2281,1,1.8444
2282,1,1.8174
2283,1,1.8727
2284,1,1.7205
2285,1,1.7361
2286,1,1.6746
2287,1,1.8004
2288,1,1.7731
2289,1,1.8849
2290,1,1.7453
2291,1,1.7853
2292,1,1.7447
2293,1,1.7
2294,1,1.848
2295,1,1.6073
2296,1,1.6598
2297,1,1.7042
2298,1,1.562
2299,1,1.7133
2000,2,0.7849
2001,2,0.807
2002,2,0.8831
2003,2,0.7941
2004,2,0.8456
2005,2,0.842
2006,2,0.9055
2007,2,0.899
2008,2,0.9732
2009,2,0.973
2010,2,1.0349
2011,2,1.0513
2012,2,0.9565
2013,2,1.0494
2014,2,1.0281
2015,2,1.0336
2016,2,1.0507
2017,2,1.1162
2018,2,0.9953
2019,2,0.9698
2020,2,1.0353
2021,2,1.0332
2022,2,1.1368
2023,2,1.3087
2024,2,1.1656
2025,2,1.2173
2026,2,1.3469
2027,2,1.5051
2028,2,1.4217
2029,2,1.377
2030,2,1.381
2031,2,1.344
2032,2,1.4057
2033,2,1.3922
2034,2,1.4143
2035,2,1.4649
2036,2,1.4702
2037,2,1.5377
2038,2,1.6335
2039,2,1.5684
2040,2,1.5248
2041,2,1.4442
2042,2,1.3626
2043,2,1.2958
2044,2,1.3693
2045,2,1.4461
2046,2,1.4207
2047,2,1.4981
2048,2,1.4338
2049,2,1.462
2050,2,1.5327
2051,2,1.5016
2052,2,1.3797
2053,2,1.2948
2054,2,1.429
2055,2,1.5009
2056,2,1.3727
2057,2,1.4781
2058,2,1.523
2059,2,1.5503
2060,2,1.7077
2061,2,1.6338
2062,2,1.592
2063,2,1.7246
2064,2,1.6202
2065,2,1.6111
2066,2,1.6296
2067,2,1.5563
2068,2,1.5877
2069,2,1.4306
2070,2,1.4523
2071,2,1.435
2072,2,1.5074
2073,2,1.3997
2074,2,1.4468
2075,2,1.4372
2076,2,1.4245
2077,2,1.4011
2078,2,1.4866
2079,2,1.4182
2080,2,1.5283
2081,2,1.4532
2082,2,1.4404
2083,2,1.3715
2084,2,1.4457
2085,2,1.2607
2086,2,1.3586
2087,2,1.2959
2088,2,1.3797
2089,2,1.4697
2090,2,1.4184
2091,2,1.4436
2092,2,1.508
2093,2,1.5313
2094,2,1.4581
2095,2,1.5151
2096,2,1.6524
2097,2,1.659
2098,2,1.681
2099,2,1.6128
2100,2,1.6298
2101,2,1.6054
2102,2,1.7078
2103,2,1.6479
2104,2,1.6177
2105,2,1.4311
2106,2,1.5834
2107,2,1.507
2108,2,1.3837
2109,2,1.3855
2110,2,1.43
2111,2,1.426
2112,2,1.4239
2113,2,1.4788
2114,2,1.3296
2115,2,1.347
2116,2,1.421
2117,2,1.4419
2118,2,1.59
2119,2,1.5443
2120,2,1.4399
2121,2,1.5031
2122,2,1.6224
2123,2,1.4306
2124,2,1.4275
2125,2,1.5401
2126,2,1.3406
2127,2,1.3961
2128,2,1.4952
2129,2,1.4133
2130,2,1.4137
2131,2,1.3572
2132,2,1.3303
2133,2,1.338
2134,2,1.213
2135,2,1.3429
2136,2,1.2087
2137,2,1.1563
2138,2,1.2627
2139,2,1.2517
2140,2,1.2836
2141,2,1.3772
2142,2,1.3362
2143,2,1.409
2144,2,1.402
2145,2,1.44
2146,2,1.4307
2147,2,1.3613
2148,2,1.4286
2149,2,1.4388
2150,2,1.413
2151,2,1.4023
2152,2,1.364
2153,2,1.364
2154,2,1.3335
2155,2,1.3024
2156,2,1.4444
2157,2,1.5125
2158,2,1.3597
2159,2,1.3323
2160,2,1.471
2161,2,1.4631
2162,2,1.3907
2163,2,1.3313
2164,2,1.3363
2165,2,1.3106
2166,2,1.4398
2167,2,1.4081
2168,2,1.4087
2169,2,1.3141
2170,2,1.343
2171,2,1.285
2172,2,1.3082
2173,2,1.2811
2174,2,1.2821
2175,2,1.1382
2176,2,1.1876
2177,2,1.2209
2178,2,1.205
2179,2,1.3436
2180,2,1.2911
2181,2,1.2908
2182,2,1.3472
2183,2,1.3783
2184,2,1.2032
2185,2,1.2785
2186,2,1.2282
2187,2,1.2724
2188,2,1.2082
2189,2,1.1657
2190,2,1.3394
2191,2,1.2095
2192,2,1.1365
2193,2,1.1883
2194,2,1.2697
2195,2,1.2505
2196,2,1.2992
2197,2,1.2125
2198,2,1.3433
2199,2,1.325
2200,2,1.3105
2201,2,1.3434
2202,2,1.2383
2203,2,1.2181
2204,2,1.1868
2205,2,1.3089
2206,2,1.19
2207,2,1.3521
2208,2,1.355
2209,2,1.3406
2210,2,1.3234
2211,2,1.1904
2212,2,1.2122
2213,2,1.1742
2214,2,1.2273
2215,2,1.3029
2216,2,1.237
2217,2,1.3047
2218,2,1.3372
2219,2,1.144
2220,2,1.3097
2221,2,1.1933
2222,2,1.1907
2223,2,1.2518
2224,2,1.1415
2225,2,1.246
2226,2,1.175
2227,2,1.2603
2228,2,1.0612
2229,2,1.1597
2230,2,1.1601
2231,2,1.1222
2232,2,1.2136
2233,2,1.1392
2234,2,1.0632
2235,2,1.1569
2236,2,1.2214
2237,2,1.1979
2238,2,1.2151
2239,2,1.1996
2240,2,1.2479
2241,2,1.0968
2242,2,1.2088
2243,2,1.1488
2244,2,1.1732
2245,2,1.1729
2246,2,1.1724
2247,2,1.19
2248,2,1.1629
2249,2,1.1473
2250,2,1.1001
2251,2,1.1355
2252,2,1.087
2253,2,1.0488
2254,2,1.127
2255,2,1.1381
2256,2,1.2054
2257,2,1.1232
2258,2,1.187
2259,2,1.1154
2260,2,1.2202
2261,2,1.1925
2262,2,1.1223
2263,2,1.0943
2264,2,0.9847
2265,2,1.0141
2266,2,1.0529
2267,2,1.0581
2268,2,1.0703
2269,2,1.1292
2270,2,1.105
2271,2,1.1357
2272,2,1.2332
2273,2,1.2031
2274,2,1.2218
2275,2,1.3112
2276,2,1.2515
2277,2,1.2667
2278,2,1.2175
2279,2,1.297
2280,2,1.244
2281,2,1.1142
2282,2,1.1549
2283,2,1.1495
2284,2,1.1797
2285,2,1.111
2286,2,1.1013
2287,2,1.1346
2288,2,1.0443
2289,2,1.075
2290,2,1.2153
2291,2,1.0399
2292,2,1.0692
2293,2,1.0685
2294,2,1.0686
2295,2,1.1759
2296,2,0.9785
2297,2,1.0834
2298,2,1.1252
2299,2,1.0643
2000,3,0.8419
2001,3,0.9009
2002,3,0.8949
2003,3,0.9233
2004,3,0.8703
2005,3,0.8959
2006,3,0.7304
2007,3,0.7779
2008,3,0.9084
2009,3,1.0797
2010,3,1.3769
2011,3,1.2283
2012,3,1.0746
2013,3,1.2934
2014,3,1.36
2015,3,1.2415
2016,3,1.2697
2017,3,1.4894
2018,3,1.3995
2019,3,1.3317
2020,3,1.3179
2021,3,1.3288
2022,3,1.3991
2023,3,1.7401
2024,3,1.8222
2025,3,1.6559
2026,3,1.7665
2027,3,1.7078
2028,3,1.7898
2029,3,1.7338
2030,3,1.9407
2031,3,1.9769
2032,3,2.0402
2033,3,2.0683
2034,3,2.0418
2035,3,2.088
2036,3,2.1669
2037,3,2.0938
2038,3,2.2013
2039,3,2.256
2040,3,2.2066
2041,3,2.2069
2042,3,2.3004
2043,3,2.3207
2044,3,2.1948
2045,3,2.2777
2046,3,2.5124
2047,3,2.4031
2048,3,2.2306
2049,3,2.391
2050,3,2.324
2051,3,2.1557
2052,3,2.4055
2053,3,2.5805
2054,3,2.5051
2055,3,2.4798
2056,3,2.6409
2057,3,2.6674
2058,3,2.4971
2059,3,2.5412
2060,3,2.6657
2061,3,2.5677
2062,3,2.6403
2063,3,2.6919
2064,3,2.6318
2065,3,2.5089
2066,3,2.5812
2067,3,2.5289
2068,3,2.5078
2069,3,2.672
2070,3,2.6901
2071,3,2.599
2072,3,2.5948
2073,3,2.6506
2074,3,2.7017
2075,3,2.6153
2076,3,2.5481
2077,3,2.5874
2078,3,2.6357
2079,3,2.6352
2080,3,2.6105
2081,3,2.5419
2082,3,2.6297
2083,3,2.5093
2084,3,2.5803
2085,3,2.8282
2086,3,2.8499
2087,3,2.5016
2088,3,2.3335
2089,3,2.4618
2090,3,2.5181
2091,3,2.5102
2092,3,2.3535
2093,3,2.4958
2094,3,2.4789
2095,3,2.3742
2096,3,2.5385
2097,3,2.4856
2098,3,2.365
2099,3,2.5395
2100,3,2.6693
2101,3,2.6525
2102,3,2.5345
2103,3,2.4621
2104,3,2.3943
2105,3,2.458
2106,3,2.4299
2107,3,2.4535
2108,3,2.4081
2109,3,2.489
2110,3,2.3855
2111,3,2.3469
2112,3,2.3456
2113,3,2.3151
2114,3,2.3333
2115,3,2.3204
2116,3,2.1453
2117,3,2.2172
2118,3,2.2918
2119,3,2.2606
2120,3,2.353
2121,3,2.5328
2122,3,2.3986
2123,3,2.2288
2124,3,2.2726
2125,3,2.4019
2126,3,2.4867
2127,3,2.24
2128,3,2.1084
2129,3,2.2915
2130,3,2.311
2131,3,2.208
2132,3,2.1669
2133,3,2.1038
2134,3,2.2149
2135,3,2.3178
2136,3,2.3465
2137,3,2.2401
2138,3,2.2671
2139,3,2.1202
2140,3,2.0886
2141,3,2.1556
2142,3,2.0996
2143,3,2.1803
2144,3,2.2689
2145,3,2.0858
2146,3,2.043
2147,3,2.0976
2148,3,2.1036
2149,3,2.0238
2150,3,2.2118
2151,3,2.1084
2152,3,2.1565
2153,3,2.095
2154,3,1.9642
2155,3,2.0285
2156,3,2.1463
2157,3,2.0411
2158,3,2.0285
2159,3,2.1144
2160,3,2.0369
2161,3,1.9454
2162,3,2.0221
2163,3,2.0358
2164,3,2.0682
2165,3,1.9606
2166,3,2.0169
2167,3,2.2029
2168,3,1.9169
2169,3,1.8869
2170,3,1.8463
2171,3,1.8489
2172,3,1.8301
2173,3,1.8856
2174,3,2.081
2175,3,1.9519
2176,3,1.7004
2177,3,1.8607
2178,3,1.8592
2179,3,1.8329
2180,3,2.0906
2181,3,2.0236
2182,3,2.0029
2183,3,2.0592
2184,3,2.0136
2185,3,1.8909
2186,3,1.9039
2187,3,2.0083
2188,3,2.0199
2189,3,1.9912
2190,3,1.9775
2191,3,1.9047
2192,3,1.9378
2193,3,2.0394
2194,3,1.9882
2195,3,2.0879
2196,3,1.9959
2197,3,1.9342
2198,3,1.9495
2199,3,1.9024
2200,3,1.8818
2201,3,2.0196
2202,3,2.283
2203,3,2.1259
2204,3,1.9464
2205,3,1.9084
2206,3,2.1821
2207,3,2.2105
2208,3,2.0707
2209,3,2.013
2210,3,2.0135
2211,3,1.9332
2212,3,1.9943
2213,3,1.8349
2214,3,1.9676
2215,3,2.0789
2216,3,2.0055
2217,3,2.0635
2218,3,1.982
2219,3,1.8023
2220,3,2.0011
2221,3,2.0054
2222,3,2.0862
2223,3,1.9668
2224,3,1.8727
2225,3,1.9376
2226,3,1.9795
2227,3,1.8804
2228,3,1.8727
2229,3,2.0235
2230,3,2.0165
2231,3,1.9865
2232,3,2.0534
2233,3,2.0487
2234,3,2.0314
2235,3,1.9663
2236,3,1.9097
2237,3,1.8896
2238,3,1.9218
2239,3,1.8883
2240,3,1.8796
2241,3,1.8169
2242,3,1.769
2243,3,1.9703
2244,3,1.9996
2245,3,1.816
2246,3,1.8749
2247,3,1.9134
2248,3,1.9044
2249,3,1.7769
2250,3,1.7208
2251,3,1.7475
2252,3,1.8826
2253,3,1.8402
2254,3,1.831
2255,3,1.7359
2256,3,1.7911
2257,3,1.8602
2258,3,1.9406
2259,3,1.8809
2260,3,1.9087
2261,3,1.7522
2262,3,1.9497
2263,3,2.0759
2264,3,1.8747
2265,3,1.9553
2266,3,1.8003
2267,3,1.6837
2268,3,1.6483
2269,3,1.6981
2270,3,1.8355
2271,3,1.8316
2272,3,1.9623
2273,3,1.8074
2274,3,1.6921
2275,3,1.5476
2276,3,1.7057
2277,3,1.8986
2278,3,1.8636
2279,3,1.7886
2280,3,1.9066
2281,3,1.8987
2282,3,1.9986
2283,3,1.8372
2284,3,1.9256
2285,3,1.9007
2286,3,1.8033
2287,3,1.7921
2288,3,1.843
2289,3,1.907
2290,3,1.8397
2291,3,1.7566
2292,3,1.9296
2293,3,1.8473
2294,3,1.9329
2295,3,1.8701
2296,3,1.9442
2297,3,1.7873
2298,3,1.6599
2299,3,1.8367
2000,4,0.8092
2001,4,0.9828
2002,4,0.9943
2003,4,0.8
2004,4,0.8631
2005,4,0.9501
2006,4,1.0911
2007,4,0.8737
2008,4,0.8924
2009,4,1.0055
2010,4,1.1006
2011,4,1.0827
2012,4,1.0886
2013,4,1.0307
2014,4,1.1675
2015,4,1.0469
2016,4,1.0847
2017,4,1.1469
2018,4,1.2143
2019,4,1.174
2020,4,1.1791
2021,4,1.2663
2022,4,1.2156
2023,4,1.2708
2024,4,1.3107
2025,4,1.3626
2026,4,1.2652
2027,4,1.2513
2028,4,1.3001
2029,4,1.433
2030,4,1.4484
2031,4,1.2458
2032,4,1.2797
2033,4,1.3514
2034,4,1.4178
2035,4,1.5824
2036,4,1.7037
2037,4,1.6056
2038,4,1.4428
2039,4,1.5108
2040,4,1.5769
2041,4,1.3825
2042,4,1.4728
2043,4,1.3755
2044,4,1.4829
2045,4,1.5757
2046,4,1.6256
2047,4,1.5672
2048,4,1.5166
2049,4,1.5346
2050,4,1.6584
2051,4,1.4614
2052,4,1.4476
2053,4,1.5441
2054,4,1.5862
2055,4,1.565
2056,4,1.6065
2057,4,1.4498
2058,4,1.4155
2059,4,1.4897
2060,4,1.6395
2061,4,1.5599
2062,4,1.4316
2063,4,1.4454
2064,4,1.4505
2065,4,1.587
2066,4,1.3308
2067,4,1.3196
2068,4,1.5111
2069,4,1.464
2070,4,1.3977
2071,4,1.4811
2072,4,1.4996
2073,4,1.4153
2074,4,1.638
2075,4,1.6321
2076,4,1.4197
2077,4,1.5582
2078,4,1.6388
2079,4,1.4108
2080,4,1.4711
2081,4,1.5709
2082,4,1.6572
2083,4,1.6179
2084,4,1.4617
2085,4,1.4155
2086,4,1.4523
2087,4,1.4437
2088,4,1.5691
2089,4,1.3689
2090,4,1.2199
2091,4,1.4661
2092,4,1.5597
2093,4,1.5109
2094,4,1.7263
2095,4,1.5432
2096,4,1.3447
2097,4,1.3936
2098,4,1.3868
2099,4,1.3786
2100,4,1.5297
2101,4,1.5435
2102,4,1.5329
2103,4,1.4506
2104,4,1.2953
2105,4,1.2486
2106,4,1.4676
2107,4,1.4749
2108,4,1.4478
2109,4,1.3681
2110,4,1.5785
2111,4,1.6737
2112,4,1.3821
2113,4,1.4385
2114,4,1.5622
2115,4,1.4753
2116,4,1.4095
2117,4,1.444
2118,4,1.3195
2119,4,1.3212
2120,4,1.3133
2121,4,1.2357
2122,4,1.4492
2123,4,1.4756
2124,4,1.4366
2125,4,1.4091
2126,4,1.4705
2127,4,1.4288
2128,4,1.4864
2129,4,1.5268
2130,4,1.4229
2131,4,1.3481
2132,4,1.505
2133,4,1.3718
2134,4,1.442
2135,4,1.5577
2136,4,1.3603
2137,4,1.366
2138,4,1.5725
2139,4,1.3716
2140,4,1.4
2141,4,1.456
2142,4,1.2911
2143,4,1.3346
2144,4,1.5486
2145,4,1.3866
2146,4,1.4804
2147,4,1.5048
2148,4,1.4141
2149,4,1.2014
2150,4,1.3017
2151,4,1.3549
2152,4,1.4491
2153,4,1.3282
2154,4,1.2707
2155,4,1.4083
2156,4,1.5209
2157,4,1.4557
2158,4,1.3095
2159,4,1.2684
2160,4,1.3112
2161,4,1.2928
2162,4,1.2815
2163,4,1.302
2164,4,1.2383
2165,4,1.269
2166,4,1.2415
2167,4,1.2481
2168,4,1.3628
2169,4,1.2866
2170,4,1.1673
2171,4,1.3683
2172,4,1.344
2173,4,1.2488
2174,4,1.3035
2175,4,1.3964
2176,4,1.3602
2177,4,1.2715
2178,4,1.3546
2179,4,1.4565
2180,4,1.2414
2181,4,1.2848
2182,4,1.4483
2183,4,1.2429
2184,4,1.3613
2185,4,1.2775
2186,4,1.4282
2187,4,1.2795
2188,4,1.1333
2189,4,1.2176
2190,4,1.4124
2191,4,1.3603
2192,4,1.3562
2193,4,1.2711
2194,4,1.2439
2195,4,1.2053
2196,4,1.2896
2197,4,1.4207
2198,4,1.3473
2199,4,1.3183
2200,4,1.2065
2201,4,1.1707
2202,4,1.2803
2203,4,1.3037
2204,4,1.2097
2205,4,1.2994
2206,4,1.3
2207,4,1.1678
2208,4,1.0889
2209,4,1.1524
2210,4,1.3407
2211,4,1.2674
2212,4,1.2051
2213,4,1.1499
2214,4,1.1964
2215,4,1.4225
2216,4,1.412
2217,4,1.1849
2218,4,1.1617
2219,4,1.3879
2220,4,1.3669
2221,4,1.3835
2222,4,1.3033
2223,4,1.274
2224,4,1.3584
2225,4,1.2642
2226,4,1.1813
2227,4,1.1917
2228,4,1.175
2229,4,1.2142
2230,4,1.2885
2231,4,1.3121
2232,4,1.3486
2233,4,1.138
2234,4,1.1962
2235,4,1.1338
2236,4,1.2208
2237,4,1.4693
2238,4,1.3229
2239,4,1.1944
2240,4,1.1521
2241,4,1.0937
2242,4,1.3797
2243,4,1.3388
2244,4,1.1103
2245,4,1.0481
2246,4,1.102
2247,4,1.2164
2248,4,1.3086
2249,4,1.2215
2250,4,1.1938
2251,4,1.1529
2252,4,1.2331
2253,4,1.2485
2254,4,1.1454
2255,4,1.2439
2256,4,1.3326
2257,4,1.2985
2258,4,1.229
2259,4,1.2033
2260,4,1.4139
2261,4,1.2642
2262,4,1.125
2263,4,1.0873
2264,4,1.0776
2265,4,1.2557
2266,4,1.2413
2267,4,1.0774
2268,4,1.0354
2269,4,1.1214
2270,4,1.2334
2271,4,1.1097
2272,4,1.2018
2273,4,1.302
2274,4,1.1591
2275,4,1.2223
2276,4,1.3535
2277,4,1.0814
2278,4,1.1161
2279,4,1.1562
2280,4,1.2274
2281,4,1.2125
2282,4,1.3727
2283,4,1.069
2284,4,1.0818
2285,4,1.0785
2286,4,1.1106
2287,4,1.1769
2288,4,1.1745
2289,4,1.2159
2290,4,1.2702
2291,4,1.0624
2292,4,1.0956
2293,4,1.1667
2294,4,1.2485
2295,4,1.2844
2296,4,1.1163
2297,4,1.1056
2298,4,1.2025
2299,4,1.1738
2000,5,0.6545
2001,5,0.8536
2002,5,0.8372
2003,5,0.7986
2004,5,0.716
2005,5,0.631
2006,5,0.6073
2007,5,0.805
2008,5,0.8122
2009,5,0.7271
2010,5,0.786
2011,5,1.0013
2012,5,1.0221
2013,5,0.8663
2014,5,0.909
2015,5,1.0819
2016,5,1.1843
2017,5,1.1886
2018,5,1.4038
2019,5,1.235
2020,5,1.1722
2021,5,1.2992
2022,5,1.4072
2023,5,1.2667
2024,5,1.4573
2025,5,1.5338
2026,5,1.2797
2027,5,1.3423
2028,5,1.3754
2029,5,1.4029
2030,5,1.5575
2031,5,1.3611
2032,5,1.4833
2033,5,1.643
2034,5,1.7966
2035,5,1.776
2036,5,1.8578
2037,5,1.7268
2038,5,1.8905
2039,5,1.8651
2040,5,1.9435
2041,5,1.992
2042,5,1.8358
2043,5,1.8203
2044,5,1.9947
2045,5,1.8205
2046,5,1.9041
2047,5,1.8323
2048,5,2.0533
2049,5,1.9392
2050,5,1.9818
2051,5,1.9395
2052,5,2.1069
2053,5,1.9676
2054,5,2.0131
2055,5,2.076
2056,5,1.9011
2057,5,2.0705
2058,5,2.1348
2059,5,1.9116
2060,5,2.1043
2061,5,2.0875
2062,5,1.9513
2063,5,2.0706
2064,5,2.2571
2065,5,2.1496
2066,5,2.0088
2067,5,2.1186
2068,5,2.2396
2069,5,2.2701
2070,5,2.1313
2071,5,2.1584
2072,5,2.2184
2073,5,2.0843
2074,5,2.1989
2075,5,2.0862
2076,5,2.0885
2077,5,2.1008
2078,5,1.9234
2079,5,2.1373
2080,5,2.2324
2081,5,1.9285
2082,5,1.9924
2083,5,2.3545
2084,5,2.319
2085,5,2.2084
2086,5,2.3419
2087,5,2.0833
2088,5,2.217
2089,5,2.2263
2090,5,2.1835
2091,5,2.3148
2092,5,2.2366
2093,5,2.0597
2094,5,2.1275
2095,5,2.0356
2096,5,2.2667
2097,5,2.1885
2098,5,2.2063
2099,5,2.3162
2100,5,2.2643
2101,5,2.2739
2102,5,2.409
2103,5,2.3377
2104,5,2.297
2105,5,2.02
2106,5,2.1699
2107,5,2.3558
2108,5,2.1348
2109,5,2.3395
2110,5,2.3101
2111,5,2.2169
2112,5,2.2525
2113,5,2.2008
2114,5,2.0456
2115,5,2.2159
2116,5,2.1245
2117,5,2.2365
2118,5,2.2246
2119,5,2.0691
2120,5,2.2459
2121,5,2.1915
2122,5,2.3382
2123,5,2.0823
2124,5,2.0617
2125,5,2.174
2126,5,2.101
2127,5,2.1306
2128,5,2.0813
2129,5,2.0502
2130,5,2.0976
2131,5,2.2091
2132,5,2.2941
2133,5,2.2284
2134,5,2.0978
2135,5,2.1876
2136,5,2.0953
2137,5,1.917
2138,5,2.0796
2139,5,2.0239
2140,5,2.0265
2141,5,2.0072
2142,5,2.0298
2143,5,1.9872
2144,5,2.0793
2145,5,1.8583
2146,5,1.9147
2147,5,2.1105
2148,5,2.0688
2149,5,1.9944
2150,5,2.1151
2151,5,1.88
2152,5,2.0534
2153,5,2.079
2154,5,1.8302
2155,5,1.8586
2156,5,2.0912
2157,5,1.9704
2158,5,2.1809
2159,5,2.2304
2160,5,2.1859
2161,5,1.9018
2162,5,1.9277
2163,5,2.0692
2164,5,1.939
2165,5,1.9691
2166,5,2.0277
2167,5,2.0612
2168,5,2.0059
2169,5,1.9926
2170,5,2.0999
2171,5,2.0029
2172,5,2.0796
2173,5,2.0977
2174,5,2.1055
2175,5,2.0498
2176,5,1.8161
2177,5,1.9346
2178,5,1.9902
2179,5,1.8023
2180,5,1.9026
2181,5,2.0013
2182,5,1.8557
2183,5,2.0531
2184,5,1.998
2185,5,1.9051
2186,5,2.0075
2187,5,1.8691
2188,5,1.8504
2189,5,2.1994
2190,5,2.1911
2191,5,2.043
2192,5,1.9945
2193,5,1.9611
2194,5,2.0786
2195,5,2.1649
2196,5,1.9381
2197,5,2.1872
2198,5,2.1293
2199,5,2.059
2200,5,2.1723
2201,5,2.0574
2202,5,1.9938
2203,5,2.1368
2204,5,1.9837
2205,5,2.0296
2206,5,2.0421
2207,5,1.911
2208,5,1.9994
2209,5,2.0724
2210,5,2.1152
2211,5,2.0872
2212,5,2.1523
2213,5,2.0281
2214,5,2.0167
2215,5,1.8884
2216,5,2.0233
2217,5,2.0268
2218,5,2.0918
2219,5,1.9571
2220,5,2.1846
2221,5,2.033
2222,5,2.0526
2223,5,2.0788
2224,5,2.0749
2225,5,2.1454
2226,5,1.922
2227,5,2.0006
2228,5,1.9605
2229,5,1.905
2230,5,2.1415
2231,5,1.9957
2232,5,1.8723
2233,5,2.0442
2234,5,1.9934
2235,5,2.0611
2236,5,2.0739
2237,5,1.6508
2238,5,1.8736
2239,5,1.9489
2240,5,1.942
2241,5,2.031
2242,5,2.0289
2243,5,2.128
2244,5,1.9967
2245,5,2.15
2246,5,2.0036
2247,5,2.0206
2248,5,2.0901
2249,5,1.9864
2250,5,1.9665
2251,5,2.0428
2252,5,2.083
2253,5,2.0492
2254,5,2.0802
2255,5,2.1599
2256,5,2.1251
2257,5,2.1286
2258,5,2.1982
2259,5,1.9378
2260,5,2.1101
2261,5,2.0577
2262,5,2.0856
2263,5,2.152
2264,5,2.0543
2265,5,2.0758
2266,5,2.0918
2267,5,2.071
2268,5,2.068
2269,5,2.2234
2270,5,2.2237
2271,5,2.1421
2272,5,2.1004
2273,5,2.0775
2274,5,2.0986
2275,5,2.1726
2276,5,2.0455
2277,5,2.1661
2278,5,2.0028
2279,5,2.1814
2280,5,2.3166
2281,5,2.2501
2282,5,2.1046
2283,5,2.1962
2284,5,2.2098
2285,5,2.1782
2286,5,2.2853
2287,5,2.1477
2288,5,2.1806
2289,5,2.2915
2290,5,2.1823
2291,5,2.3107
2292,5,2.3375
2293,5,2.4133
2294,5,2.3868
2295,5,2.1411
2296,5,2.1741
2297,5,2.17
2298,5,2.3705
2299,5,2.2647
2000,6,0.4477
2001,6,0.5345
2002,6,0.6384
2003,6,0.572
2004,6,0.6379
2005,6,0.6047
2006,6,0.6687
2007,6,0.7382
2008,6,0.7045
2009,6,0.6949
2010,6,0.7161
2011,6,0.6924
2012,6,0.7955
2013,6,0.7548
2014,6,0.8487
2015,6,0.9524
2016,6,0.9503
2017,6,0.9106
2018,6,0.9233
2019,6,0.9063
2020,6,0.8406
2021,6,0.9701
2022,6,0.9276
2023,6,0.9719
2024,6,1.0258
2025,6,1.162
2026,6,0.9808
2027,6,1.0563
2028,6,1.0447
2029,6,1.0445
2030,6,1.1178
2031,6,1.059
2032,6,1.0299
2033,6,1.0921
2034,6,1.1538
2035,6,1.074
2036,6,1.1844
2037,6,1.0995
2038,6,1.1219
2039,6,1.1521
2040,6,1.0487
2041,6,1.1021
2042,6,1.1409
2043,6,1.23
2044,6,1.2294
2045,6,1.1907
2046,6,1.2048
2047,6,1.124
2048,6,1.1755
2049,6,1.2481
2050,6,1.1443
2051,6,1.2108
2052,6,1.2623
2053,6,1.1987
2054,6,1.1778
2055,6,1.2442
2056,6,1.1161
2057,6,1.1052
2058,6,1.2257
2059,6,1.272
2060,6,1.2542
2061,6,1.2586
2062,6,1.2336
2063,6,1.2338
2064,6,1.1208
2065,6,1.2716
2066,6,1.2875
2067,6,1.2169
2068,6,1.2087
2069,6,1.1657
2070,6,1.2073
2071,6,1.2512
2072,6,1.1963
2073,6,1.2608
2074,6,1.2649
2075,6,1.2034
2076,6,1.1089
2077,6,1.1555
2078,6,1.1103
2079,6,1.058
2080,6,1.2486
2081,6,1.1164
2082,6,1.1648
2083,6,1.2224
2084,6,1.1785
2085,6,1.1713
2086,6,1.1033
2087,6,1.1515
2088,6,1.0636
2089,6,1.0782
2090,6,1.0935
2091,6,1.0584
2092,6,1.09
2093,6,1.1093
2094,6,1.0554
2095,6,1.1568
2096,6,1.1798
2097,6,1.1054
2098,6,1.0789
2099,6,1.0875
2100,6,1.0271
2101,6,1.0261
2102,6,1.0057
2103,6,1.0552
2104,6,1.1122
2105,6,1.0125
2106,6,1.0986
2107,6,1.0896
2108,6,1.1157
2109,6,1.0954
2110,6,1.1425
2111,6,1.0973
2112,6,1.1936
2113,6,1.1594
2114,6,1.0516
2115,6,1.0509
2116,6,1.0863
2117,6,1.0784
2118,6,1.095
2119,6,1.0737
2120,6,1.1227
2121,6,1.1063
2122,6,1.0899
2123,6,1.092
2124,6,1.0968
2125,6,1.1206
2126,6,1.0553
2127,6,0.9807
2128,6,0.988
2129,6,0.9902
2130,6,1.0409
2131,6,1.0524
2132,6,1.0439
2133,6,0.9815
2134,6,0.9596
2135,6,1.0468
2136,6,1.0499
2137,6,0.9728
2138,6,0.9336
2139,6,0.9976
2140,6,1.0016
2141,6,1.074
2142,6,1.0142
2143,6,1.0436
2144,6,1.0267
2145,6,0.9736
2146,6,0.9608
2147,6,0.9582
2148,6,1.0153
2149,6,0.9806
2150,6,0.9168
2151,6,0.9631
2152,6,0.9817
2153,6,0.9105
2154,6,0.9663
2155,6,0.9558
2156,6,0.9981
2157,6,0.9581
2158,6,0.9476
2159,6,1.0066
2160,6,0.8977
2161,6,0.955
2162,6,0.8852
2163,6,0.8989
2164,6,1.0002
2165,6,0.9418
2166,6,0.8139
2167,6,0.8207
2168,6,1.0106
2169,6,0.9226
2170,6,0.8528
2171,6,0.9696
2172,6,0.9103
2173,6,0.9062
2174,6,0.9896
2175,6,1.0272
2176,6,0.9092
2177,6,0.8439
2178,6,0.9037
2179,6,0.8282
2180,6,0.9342
2181,6,0.891
2182,6,0.9253
2183,6,0.8911
2184,6,0.9746
2185,6,0.962
2186,6,0.942
2187,6,0.9016
2188,6,0.8953
2189,6,0.9006
2190,6,0.9135
2191,6,0.9429
2192,6,0.8367
2193,6,0.9407
2194,6,1.0226
2195,6,0.9491
2196,6,0.9247
2197,6,0.9824
2198,6,0.884
2199,6,0.9226
2200,6,0.9019
2201,6,0.8582
2202,6,0.9716
2203,6,0.9079
2204,6,0.929
2205,6,0.8765
2206,6,0.9071
2207,6,0.9338
2208,6,0.9641
2209,6,0.818
2210,6,0.835
2211,6,0.9553
2212,6,0.8128
2213,6,0.8328
2214,6,0.8712
2215,6,0.8542
2216,6,0.8428
2217,6,0.9053
2218,6,0.9125
2219,6,0.9247
2220,6,0.9727
2221,6,0.9072
2222,6,0.8714
2223,6,0.867
2224,6,0.8117
2225,6,0.7792
2226,6,0.8427
2227,6,0.7862
2228,6,0.7791
2229,6,0.8732
2230,6,0.7976
2231,6,0.8004
2232,6,0.831
2233,6,0.8141
2234,6,0.7773
2235,6,0.6813
2236,6,0.7661
2237,6,0.8373
2238,6,0.8631
2239,6,0.8114
2240,6,0.8558
2241,6,0.8514
2242,6,0.8522
2243,6,0.9574
2244,6,0.9166
2245,6,0.9848
2246,6,0.8909
2247,6,0.7684
2248,6,0.7785
2249,6,0.7926
2250,6,0.7414
2251,6,0.7748
2252,6,0.7891
2253,6,0.8113
2254,6,0.8322
2255,6,0.7673
2256,6,0.836
2257,6,0.7727
2258,6,0.6981
2259,6,0.7482
2260,6,0.7483
2261,6,0.7391
2262,6,0.759
2263,6,0.6771
2264,6,0.6879
2265,6,0.7962
2266,6,0.8037
2267,6,0.7621
2268,6,0.9381
2269,6,0.86
2270,6,0.816
2271,6,0.8781
2272,6,0.798
2273,6,0.6501
2274,6,0.797
2275,6,0.7905
2276,6,0.7864
2277,6,0.8394
2278,6,0.8767
2279,6,0.85
2280,6,0.7747
2281,6,0.7809
2282,6,0.8285
2283,6,0.657
2284,6,0.7063
2285,6,0.7838
2286,6,0.7424
2287,6,0.8166
2288,6,0.7969
2289,6,0.7953
2290,6,0.77
2291,6,0.7149
2292,6,0.7867
2293,6,0.7169
2294,6,0.7905
2295,6,0.8365
2296,6,0.8308
2297,6,0.7697
2298,6,0.7259
2299,6,0.8371
2000,7,0.4643
2001,7,0.5886
2002,7,0.5359
2003,7,0.5811
2004,7,0.632
2005,7,0.5968
2006,7,0.6176
2007,7,0.6343
2008,7,0.6134
2009,7,0.6002
2010,7,0.7656
2011,7,0.8104
2012,7,0.7611
2013,7,0.7402
2014,7,0.7681
2015,7,0.7609
2016,7,0.8348
2017,7,0.8232
2018,7,0.8241
2019,7,0.8579
2020,7,0.8564
2021,7,0.8557
2022,7,0.9879
2023,7,0.9446
2024,7,0.9759
2025,7,1.0091
2026,7,0.9375
2027,7,0.9133
2028,7,0.8989
2029,7,0.8138
2030,7,0.902
2031,7,0.9591
2032,7,0.9772
2033,7,0.8999
2034,7,0.9332
2035,7,0.8971
2036,7,0.8571
2037,7,0.8792
2038,7,0.9955
2039,7,1.0435
2040,7,1.1106
2041,7,1.1592
2042,7,1.0906
2043,7,1.0275
2044,7,1.0286
2045,7,1.0236
2046,7,1.0286
2047,7,0.9591
2048,7,0.9726
2049,7,1.0429
2050,7,0.9765
2051,7,0.9797
2052,7,0.9015
2053,7,0.9997
2054,7,0.9824
2055,7,1.0321
2056,7,0.9552
2057,7,0.9999
2058,7,0.9241
2059,7,0.9569
2060,7,1.0039
2061,7,1.012
2062,7,0.9446
2063,7,0.9491
2064,7,0.9131
2065,7,0.9563
2066,7,0.9493
2067,7,0.9254
2068,7,0.8804
2069,7,0.8712
2070,7,0.9491
2071,7,0.9169
2072,7,0.8911
2073,7,0.8917
2074,7,0.9497
2075,7,0.895
2076,7,0.8411
2077,7,0.8832
2078,7,0.7481
2079,7,0.8189
2080,7,0.8006
2081,7,0.7996
2082,7,0.7713
2083,7,0.8279
2084,7,0.8397
2085,7,0.8148
2086,7,0.7977
2087,7,0.8234
2088,7,0.8408
2089,7,0.8164
2090,7,0.9027
2091,7,0.8608
2092,7,0.845
2093,7,0.7697
2094,7,0.7236
2095,7,0.7986
2096,7,0.7547
2097,7,0.7566
2098,7,0.8402
2099,7,0.7637
2100,7,0.7149
2101,7,0.8126
2102,7,0.8197
2103,7,0.8471
2104,7,0.8007
2105,7,0.8877
2106,7,0.8656
2107,7,0.8881
2108,7,0.8733
2109,7,0.814
2110,7,0.8915
2111,7,0.8262
2112,7,0.8254
2113,7,0.785
2114,7,0.8846
2115,7,0.8133
2116,7,0.7959
2117,7,0.7516
2118,7,0.7524
2119,7,0.8125
2120,7,0.7718
2121,7,0.893
2122,7,0.8235
2123,7,0.7603
2124,7,0.795
2125,7,0.792
2126,7,0.8072
2127,7,0.7523
2128,7,0.769
2129,7,0.7478
2130,7,0.6442
2131,7,0.6948
2132,7,0.7096
2133,7,0.8379
2134,7,0.7645
2135,7,0.7111
2136,7,0.7589
2137,7,0.714
2138,7,0.7423
2139,7,0.7688
2140,7,0.6858
2141,7,0.7309
2142,7,0.7376
2143,7,0.7497
2144,7,0.6439
2145,7,0.7538
2146,7,0.7684
2147,7,0.7592
2148,7,0.7865
2149,7,0.7242
2150,7,0.648
2151,7,0.6953
2152,7,0.8329
2153,7,0.8608
2154,7,0.7633
2155,7,0.7446
2156,7,0.776
2157,7,0.7877
2158,7,0.7895
2159,7,0.7841
2160,7,0.6556
2161,7,0.6227
2162,7,0.8168
2163,7,0.7309
2164,7,0.7356
2165,7,0.7511
2166,7,0.7439
2167,7,0.7435
2168,7,0.7314
2169,7,0.7978
2170,7,0.7347
2171,7,0.6896
2172,7,0.8281
2173,7,0.8154
2174,7,0.7586
2175,7,0.7819
2176,7,0.7856
2177,7,0.8635
2178,7,0.7697
2179,7,0.7587
2180,7,0.8564
2181,7,0.7703
2182,7,0.7962
2183,7,0.8165
2184,7,0.7594
2185,7,0.8408
2186,7,0.7844
2187,7,0.714
2188,7,0.7564
2189,7,0.7527
2190,7,0.743
2191,7,0.7333
2192,7,0.7329
2193,7,0.7788
2194,7,0.7869
2195,7,0.7674
2196,7,0.8007
2197,7,0.7594
2198,7,0.7202
2199,7,0.6625
2200,7,0.6911
2201,7,0.7888
2202,7,0.813
2203,7,0.7647
2204,7,0.7913
2205,7,0.8411
2206,7,0.825
2207,7,0.8395
2208,7,0.8569
2209,7,0.8082
2210,7,0.8626
2211,7,0.7986
2212,7,0.8432
2213,7,0.8259
2214,7,0.8544
2215,7,0.8666
2216,7,0.8287
2217,7,0.8223
2218,7,0.8549
2219,7,0.8509
2220,7,0.8024
2221,7,0.8226
2222,7,0.8155
2223,7,0.8646
2224,7,0.8417
2225,7,0.8316
2226,7,0.8738
2227,7,0.8825
2228,7,0.7697
2229,7,0.8761
2230,7,0.8235
2231,7,0.8113
2232,7,0.7671
2233,7,0.7647
2234,7,0.758
2235,7,0.6745
2236,7,0.7351
2237,7,0.688
2238,7,0.7328
2239,7,0.8293
2240,7,0.8239
2241,7,0.833
2242,7,0.8495
2243,7,0.9135
2244,7,0.7976
2245,7,0.8434
2246,7,0.766
2247,7,0.8468
2248,7,0.9004
2249,7,0.8323
2250,7,0.7256
2251,7,0.7391
2252,7,0.7448
2253,7,0.7357
2254,7,0.8248
2255,7,0.7805
2256,7,0.849
2257,7,0.8409
2258,7,0.7569
2259,7,0.6462
2260,7,0.5517
2261,7,0.6767
2262,7,0.6826
2263,7,0.7404
2264,7,0.7434
2265,7,0.6754
2266,7,0.6678
2267,7,0.7318
2268,7,0.6796
2269,7,0.6523
2270,7,0.6326
2271,7,0.6737
2272,7,0.7126
2273,7,0.7396
2274,7,0.749
2275,7,0.707
2276,7,0.665
2277,7,0.7568
2278,7,0.8074
2279,7,0.7573
2280,7,0.768
2281,7,0.8245
2282,7,0.885
2283,7,0.7649
2284,7,0.755
2285,7,0.6293
2286,7,0.7403
2287,7,0.7281
2288,7,0.7753
2289,7,0.7422
2290,7,0.7362
2291,7,0.6766
2292,7,0.713
2293,7,0.8247
2294,7,0.6372
2295,7,0.6246
2296,7,0.6842
2297,7,0.6991
2298,7,0.7552
2299,7,0.7147
2000,8,0.4405
2001,8,0.4942
2002,8,0.676
2003,8,0.5279
2004,8,0.4346
2005,8,0.4783
2006,8,0.6917
2007,8,0.8544
2008,8,0.8456
2009,8,0.9611
2010,8,0.8207
2011,8,0.7885
2012,8,0.9128
2013,8,0.9112
2014,8,1.0025
2015,8,0.8439
2016,8,0.8559
2017,8,0.9472
2018,8,1.1608
2019,8,1.1731
2020,8,1.28
2021,8,1.3239
2022,8,1.515
2023,8,1.5026
2024,8,1.5064
2025,8,1.4703
2026,8,1.3613
2027,8,1.3203
2028,8,1.5013
2029,8,1.5639
2030,8,1.6589
2031,8,1.6018
2032,8,1.7177
2033,8,1.6835
2034,8,1.6926
2035,8,1.781
2036,8,1.6017
2037,8,1.6316
2038,8,1.3637
2039,8,1.4315
2040,8,1.4744
2041,8,1.5014
2042,8,1.5407
2043,8,1.5825
2044,8,1.6722
2045,8,1.6689
2046,8,1.7597
2047,8,1.916
2048,8,1.9419
2049,8,2.0321
2050,8,1.9164
2051,8,1.8951
2052,8,1.8921
2053,8,1.8252
2054,8,1.8063
2055,8,1.6982
2056,8,1.8423
2057,8,1.9057
2058,8,1.8092
2059,8,1.8238
2060,8,1.7887
2061,8,1.8344
2062,8,1.823
2063,8,1.7802
2064,8,1.607
2065,8,1.7228
2066,8,1.8593
2067,8,1.8981
2068,8,1.7943
2069,8,1.8651
2070,8,1.7328
2071,8,1.7896
2072,8,1.7281
2073,8,1.8344
2074,8,1.7494
2075,8,1.631
2076,8,1.7495
2077,8,1.6086
2078,8,1.7141
2079,8,1.7696
2080,8,1.6464
2081,8,1.5983
2082,8,1.6315
2083,8,1.7863
2084,8,1.7115
2085,8,1.6781
2086,8,1.7699
2087,8,1.7458
2088,8,1.7917
2089,8,1.7524
2090,8,1.8523
2091,8,1.7502
2092,8,1.6436
2093,8,1.7348
2094,8,1.6312
2095,8,1.6638
2096,8,1.6988
2097,8,1.5843
2098,8,1.5798
2099,8,1.7732
2100,8,1.6167
2101,8,1.6838
2102,8,1.7383
2103,8,1.6876
2104,8,1.772
2105,8,1.7827
2106,8,1.6885
2107,8,1.6544
2108,8,1.5149
2109,8,1.4698
2110,8,1.649
2111,8,1.7743
2112,8,1.6163
2113,8,1.7548
2114,8,1.7157
2115,8,1.6401
2116,8,1.6044
2117,8,1.6333
2118,8,1.6907
2119,8,1.6133
2120,8,1.6238
2121,8,1.696
2122,8,1.6206
2123,8,1.5222
2124,8,1.5554
2125,8,1.6458
2126,8,1.5473
2127,8,1.4565
2128,8,1.5305
2129,8,1.5191
2130,8,1.4241
2131,8,1.4627
2132,8,1.5991
2133,8,1.7243
2134,8,1.7188
2135,8,1.8132
2136,8,1.9209
2137,8,1.7979
2138,8,1.6812
2139,8,1.4603
2140,8,1.4373
2141,8,1.5123
2142,8,1.6001
2143,8,1.6551
2144,8,1.6276
2145,8,1.6812
2146,8,1.7027
2147,8,1.5421
2148,8,1.6388
2149,8,1.6653
2150,8,1.5416
2151,8,1.4734
2152,8,1.5484
2153,8,1.4465
2154,8,1.4302
2155,8,1.62
2156,8,1.6709
2157,8,1.7331
2158,8,1.6897
2159,8,1.5019
2160,8,1.6212
2161,8,1.5929
2162,8,1.5863
2163,8,1.5619
2164,8,1.4966
2165,8,1.4243
2166,8,1.407
2167,8,1.5767
2168,8,1.5935
2169,8,1.5835
2170,8,1.4186
2171,8,1.5298
2172,8,1.581
2173,8,1.7237
2174,8,1.7115
2175,8,1.7242
2176,8,1.7927
2177,8,1.866
2178,8,1.5807
2179,8,1.4729
2180,8,1.485
2181,8,1.5133
2182,8,1.4651
2183,8,1.5135
2184,8,1.6543
2185,8,1.5142
2186,8,1.5384
2187,8,1.4484
2188,8,1.5664
2189,8,1.5819
2190,8,1.605
2191,8,1.5095
2192,8,1.538
2193,8,1.6089
2194,8,1.6155
2195,8,1.5246
2196,8,1.5637
2197,8,1.5285
2198,8,1.6332
2199,8,1.5252
2200,8,1.5287
2201,8,1.4723
2202,8,1.6436
2203,8,1.527
2204,8,1.4979
2205,8,1.4252
2206,8,1.3826
2207,8,1.3779
2208,8,1.3158
2209,8,1.2987
2210,8,1.3861
2211,8,1.3218
2212,8,1.3424
2213,8,1.2151
2214,8,1.2612
2215,8,1.2929
2216,8,1.314
2217,8,1.2692
2218,8,1.288
2219,8,1.3845
2220,8,1.4471
2221,8,1.4113
2222,8,1.4657
2223,8,1.4948
2224,8,1.6333
2225,8,1.6951
2226,8,1.4843
2227,8,1.4397
2228,8,1.4929
2229,8,1.4597
2230,8,1.4369
2231,8,1.3169
2232,8,1.3873
2233,8,1.4386
2234,8,1.438
2235,8,1.5654
2236,8,1.4795
2237,8,1.4436
2238,8,1.4088
2239,8,1.3768
2240,8,1.4363
2241,8,1.5002
2242,8,1.3714
2243,8,1.4559
2244,8,1.6402
2245,8,1.7021
2246,8,1.5491
2247,8,1.5449
2248,8,1.4666
2249,8,1.519
2250,8,1.4866
2251,8,1.3941
2252,8,1.5189
2253,8,1.4856
2254,8,1.6284
2255,8,1.4955
2256,8,1.5369
2257,8,1.5349
2258,8,1.4887
2259,8,1.4704
2260,8,1.5277
2261,8,1.5009
2262,8,1.4886
2263,8,1.5124
2264,8,1.5253
2265,8,1.6688
2266,8,1.6533
2267,8,1.6688
2268,8,1.4985
2269,8,1.4148
2270,8,1.4373
2271,8,1.3006
2272,8,1.3186
2273,8,1.4243
2274,8,1.3009
2275,8,1.2584
2276,8,1.416
2277,8,1.5608
2278,8,1.4241
2279,8,1.1397
2280,8,1.3257
2281,8,1.3273
2282,8,1.5066
2283,8,1.4813
2284,8,1.4577
2285,8,1.4646
2286,8,1.519
2287,8,1.3918
2288,8,1.4267
2289,8,1.4308
2290,8,1.4593
2291,8,1.3293
2292,8,1.219
2293,8,1.3724
2294,8,1.3332
2295,8,1.4327
2296,8,1.3191
2297,8,1.1633
2298,8,1.1815
2299,8,1.2958
2000,9,0.9185
2001,9,0.9145
2002,9,0.8998
2003,9,0.8664
2004,9,0.8963
2005,9,0.9787
2006,9,0.9181
2007,9,0.8614
2008,9,0.928
2009,9,1.1052
2010,9,1.0149
2011,9,1.0301
2012,9,1.1182
2013,9,1.1704
2014,9,1.1611
2015,9,1.1749
2016,9,1.3017
2017,9,1.3698
2018,9,1.479
2019,9,1.2418
2020,9,1.1867
2021,9,1.2802
2022,9,1.5055
2023,9,1.6173
2024,9,1.5257
2025,9,1.4793
2026,9,1.5006
2027,9,1.6273
2028,9,1.4633
2029,9,1.4802
2030,9,1.4878
2031,9,1.564
2032,9,1.6593
2033,9,1.7087
2034,9,1.456
2035,9,1.4224
2036,9,1.5549
2037,9,1.4236
2038,9,1.7297
2039,9,1.9574
2040,9,1.7677
2041,9,1.71
2042,9,1.749
2043,9,1.7391
2044,9,1.7408
2045,9,1.7636
2046,9,1.8242
2047,9,1.6764
2048,9,1.7879
2049,9,1.8624
2050,9,1.8043
2051,9,1.6625
2052,9,1.8326
2053,9,1.8047
2054,9,1.953
2055,9,1.8926
2056,9,1.7388
2057,9,1.7683
2058,9,1.7155
2059,9,1.679
2060,9,1.7237
2061,9,1.85
2062,9,1.9651
2063,9,1.7741
2064,9,1.8085
2065,9,1.956
2066,9,1.8912
2067,9,1.8934
2068,9,1.8553
2069,9,1.8622
2070,9,1.8761
2071,9,1.855
2072,9,1.8535
2073,9,1.9334
2074,9,1.6834
2075,9,1.9274
2076,9,1.916
2077,9,1.6695
2078,9,1.8308
2079,9,1.8251
2080,9,1.7796
2081,9,1.712
2082,9,1.9744
2083,9,2.0447
2084,9,1.9062
2085,9,1.9577
2086,9,1.9622
2087,9,1.9748
2088,9,1.9679
2089,9,1.7952
2090,9,1.8285
2091,9,1.8766
2092,9,1.9982
2093,9,1.861
2094,9,1.9198
2095,9,1.8134
2096,9,1.7877
2097,9,1.9078
2098,9,1.7333
2099,9,1.7831
2100,9,1.8654
2101,9,1.6647
2102,9,1.6823
2103,9,1.7492
2104,9,1.5833
2105,9,1.6958
2106,9,1.7159
2107,9,1.6434
2108,9,1.5935
2109,9,1.703
2110,9,1.6058
2111,9,1.7
2112,9,1.9344
2113,9,1.928
2114,9,1.8404
2115,9,1.7776
2116,9,1.7508
2117,9,1.6325
2118,9,1.7585
2119,9,1.8176
2120,9,1.9333
2121,9,1.7177
2122,9,1.6499
2123,9,1.7248
2124,9,1.8148
2125,9,1.7208
2126,9,1.7071
2127,9,1.7382
2128,9,1.6897
2129,9,1.6233
2130,9,1.8123
2131,9,1.8849
2132,9,1.6088
2133,9,1.7753
2134,9,1.755
2135,9,1.6521
2136,9,1.6971
2137,9,1.8897
2138,9,1.6939
2139,9,1.6823
2140,9,1.6007
2141,9,1.7013
2142,9,1.7687
2143,9,1.6369
2144,9,1.6671
2145,9,1.7452
2146,9,1.7168
2147,9,1.7841
2148,9,1.8026
2149,9,1.8412
2150,9,1.7132
2151,9,1.6563
2152,9,1.7346
2153,9,1.6827
2154,9,1.5353
2155,9,1.5185
2156,9,1.6769
2157,9,1.5108
2158,9,1.6533
2159,9,1.6663
2160,9,1.5204
2161,9,1.4705
2162,9,1.7275
2163,9,1.6044
2164,9,1.5176
2165,9,1.4398
2166,9,1.5713
2167,9,1.5541
2168,9,1.6207
2169,9,1.7471
2170,9,1.4362
2171,9,1.6102
2172,9,1.883
2173,9,1.7718
2174,9,1.7542
2175,9,1.6361
2176,9,1.5894
2177,9,1.5279
2178,9,1.6017
2179,9,1.5643
2180,9,1.6511
2181,9,1.7527
2182,9,1.8246
2183,9,1.7874
2184,9,1.8333
2185,9,1.8447
2186,9,1.589
2187,9,1.5247
2188,9,1.4905
2189,9,1.5098
2190,9,1.5276
2191,9,1.7054
2192,9,1.6934
2193,9,1.5709
2194,9,1.5896
2195,9,1.5893
2196,9,1.7461
2197,9,1.5511
2198,9,1.6059
2199,9,1.6426
2200,9,1.719
2201,9,1.6712
2202,9,1.7562
2203,9,1.8969
2204,9,1.7972
2205,9,1.3927
2206,9,1.4811
2207,9,1.6641
2208,9,1.4839
2209,9,1.4872
2210,9,1.5518
2211,9,1.6287
2212,9,1.4048
2213,9,1.5185
2214,9,1.4697
2215,9,1.3647
2216,9,1.3153
2217,9,1.5314
2218,9,1.379
2219,9,1.2476
2220,9,1.4149
2221,9,1.3929
2222,9,1.5901
2223,9,1.4658
2224,9,1.5141
2225,9,1.6216
2226,9,1.5793
2227,9,1.4092
2228,9,1.535
2229,9,1.4905
2230,9,1.3497
2231,9,1.4123
2232,9,1.5411
2233,9,1.4704
2234,9,1.5298
2235,9,1.5226
2236,9,1.4892
2237,9,1.4053
2238,9,1.3043
2239,9,1.3025
2240,9,1.3523
2241,9,1.467
2242,9,1.4917
2243,9,1.4329
2244,9,1.4868
2245,9,1.555
2246,9,1.5822
2247,9,1.5913
2248,9,1.5455
2249,9,1.4546
2250,9,1.4892
2251,9,1.5555
2252,9,1.5144
2253,9,1.3979
2254,9,1.4565
2255,9,1.5348
2256,9,1.4715
2257,9,1.4074
2258,9,1.3863
2259,9,1.5559
2260,9,1.5369
2261,9,1.4238
2262,9,1.2982
2263,9,1.3705
2264,9,1.3352
2265,9,1.4724
2266,9,1.5451
2267,9,1.5071
2268,9,1.6193
2269,9,1.4895
2270,9,1.3905
2271,9,1.4588
2272,9,1.4923
2273,9,1.4592
2274,9,1.3239
2275,9,1.3882
2276,9,1.5814
2277,9,1.4244
2278,9,1.304
2279,9,1.2295
2280,9,1.2007
2281,9,1.4554
2282,9,1.3936
2283,9,1.6196
2284,9,1.2889
2285,9,1.245
2286,9,1.2159
2287,9,1.3544
2288,9,1.4089
2289,9,1.4933
2290,9,1.6691
2291,9,1.459
2292,9,1.4247
2293,9,1.4548
2294,9,1.46
2295,9,1.389
2296,9,1.4516
2297,9,1.4268
2298,9,1.4321
2299,9,1.5031
2000,10,0.6487
2001,10,0.5511
2002,10,0.4584
2003,10,0.554
2004,10,0.5529
2005,10,0.8447
2006,10,0.8617
2007,10,0.6026
2008,10,0.6889
2009,10,1.1055
2010,10,1.155
2011,10,0.7786
2012,10,1.0235
2013,10,0.9949
2014,10,0.8698
2015,10,0.8629
2016,10,0.974
2017,10,1.1926
2018,10,1.2766
2019,10,1.1329
2020,10,1.0995
2021,10,1.2292
2022,10,1.2424
2023,10,1.3647
2024,10,1.4178
2025,10,1.422
2026,10,1.1523
2027,10,1.1019
2028,10,1.2558
2029,10,1.281
2030,10,1.4987
2031,10,1.5412
2032,10,1.4647
2033,10,1.6409
2034,10,1.6021
2035,10,1.6611
2036,10,1.5166
2037,10,1.7433
2038,10,1.8101
2039,10,1.7045
2040,10,1.4428
2041,10,1.6146
2042,10,1.7508
2043,10,1.6352
2044,10,1.8063
2045,10,1.8284
2046,10,1.7347
2047,10,1.9099
2048,10,1.9446
2049,10,1.9509
2050,10,2.1088
2051,10,2.1225
2052,10,1.735
2053,10,1.8093
2054,10,1.7317
2055,10,1.8598
2056,10,2.024
2057,10,1.9601
2058,10,2.0568
2059,10,1.9715
2060,10,1.8205
2061,10,1.8231
2062,10,2.0174
2063,10,2.0966
2064,10,2.1339
2065,10,2.0002
2066,10,1.9621
2067,10,1.9065
2068,10,1.9209
2069,10,1.923
2070,10,2.0642
2071,10,1.9996
2072,10,1.8566
2073,10,1.972
2074,10,2.0172
2075,10,1.9452
2076,10,2.195
2077,10,2.1887
2078,10,1.9141
2079,10,2.1343
2080,10,2.3037
2081,10,2.1254
2082,10,2.2064
2083,10,2.2078
2084,10,2.1081
2085,10,1.9367
2086,10,1.862
2087,10,2.0562
2088,10,2.1602
2089,10,2.0158
2090,10,1.9045
2091,10,1.8237
2092,10,1.7847
2093,10,1.9833
2094,10,1.9797
2095,10,1.8647
2096,10,1.7945
2097,10,1.826
2098,10,2.0821
2099,10,2.1202
2100,10,1.9651
2101,10,1.8434
2102,10,1.8707
2103,10,1.996
2104,10,1.7011
2105,10,1.6078
2106,10,1.8998
2107,10,2.0747
2108,10,1.9074
2109,10,1.8824
2110,10,1.7842
2111,10,1.7792
2112,10,1.8395
2113,10,1.7949
2114,10,1.7249
2115,10,1.7394
2116,10,1.7642
2117,10,1.749
2118,10,1.8478
2119,10,1.7753
2120,10,1.7413
2121,10,1.6986
2122,10,1.7523
2123,10,1.7215
2124,10,1.8174
2125,10,1.7805
2126,10,1.6869
2127,10,1.6722
2128,10,1.78
2129,10,1.8658
2130,10,1.9539
2131,10,1.9542
2132,10,2.1074
2133,10,1.6672
2134,10,1.6873
2135,10,1.6128
2136,10,1.6613
2137,10,1.5656
2138,10,1.5173
2139,10,1.7504
2140,10,1.8879
2141,10,1.7236
2142,10,1.6912
2143,10,1.7116
2144,10,1.5381
2145,10,1.6163
2146,10,1.7717
2147,10,1.8266
2148,10,1.6352
2149,10,1.4725
2150,10,1.6617
2151,10,1.7393
2152,10,1.4635
2153,10,1.4674
2154,10,1.5643
2155,10,1.5655
2156,10,1.75
2157,10,1.822
2158,10,1.9244
2159,10,1.8244
2160,10,1.621
2161,10,1.5723
2162,10,1.7781
2163,10,1.7756
2164,10,1.5715
2165,10,1.8146
2166,10,1.6121
2167,10,1.6575
2168,10,1.7894
2169,10,1.5497
2170,10,1.5763
2171,10,1.6766
2172,10,1.5867
2173,10,1.5837
2174,10,1.83
2175,10,1.6598
2176,10,1.497
2177,10,1.5178
2178,10,1.5572
2179,10,1.5884
2180,10,1.763
2181,10,1.6752
2182,10,1.5074
2183,10,1.6011
2184,10,1.6466
2185,10,1.5402
2186,10,1.7407
2187,10,1.4901
2188,10,1.4411
2189,10,1.7973
2190,10,1.7692
2191,10,1.5049
2192,10,1.5795
2193,10,1.6412
2194,10,1.5707
2195,10,1.6597
2196,10,1.8363
2197,10,1.9564
2198,10,1.6923
2199,10,1.633
2200,10,1.5582
2201,10,1.7182
2202,10,1.6365
2203,10,1.5318
2204,10,1.5155
2205,10,1.5517
2206,10,1.4968
2207,10,1.3303
2208,10,1.4957
2209,10,1.5765
2210,10,1.7445
2211,10,1.9057
2212,10,1.6645
2213,10,1.8247
2214,10,1.8417
2215,10,1.6071
2216,10,1.5345
2217,10,1.713
2218,10,1.5459
2219,10,1.389
2220,10,1.4541
2221,10,1.5283
2222,10,1.7137
2223,10,1.7418
2224,10,1.597
2225,10,1.6928
2226,10,1.6367
2227,10,1.8178
2228,10,1.7917
2229,10,1.6933
2230,10,1.6929
2231,10,1.5966
2232,10,1.6185
2233,10,1.8132
2234,10,1.8731
2235,10,1.4958
2236,10,1.6519
2237,10,1.7747
2238,10,1.7249
2239,10,1.8513
2240,10,1.7569
2241,10,1.6837
2242,10,1.543
2243,10,1.5797
2244,10,1.4533
2245,10,1.5735
2246,10,1.6151
2247,10,1.5936
2248,10,1.4564
2249,10,1.3998
2250,10,1.5422
2251,10,1.7158
2252,10,1.4285
2253,10,1.3204
2254,10,1.5488
2255,10,1.5436
2256,10,1.1927
2257,10,1.3715
2258,10,1.3315
2259,10,1.2472
2260,10,1.3787
2261,10,1.2433
2262,10,1.1771
2263,10,1.4688
2264,10,1.6908
2265,10,1.5812
2266,10,1.467
2267,10,1.4125
2268,10,1.3751
2269,10,1.2755
2270,10,1.379
2271,10,1.3268
2272,10,1.2965
2273,10,1.6197
2274,10,1.3641
2275,10,1.5319
2276,10,2.012
2277,10,1.7055
2278,10,1.4922
2279,10,1.3501
2280,10,1.3555
2281,10,1.3482
2282,10,1.2912
2283,10,1.4329
2284,10,1.3058
2285,10,1.3182
2286,10,1.5851
2287,10,1.5881
2288,10,1.5155
2289,10,1.5143
2290,10,1.3322
2291,10,1.3845
2292,10,1.5101
2293,10,1.6068
2294,10,1.46
2295,10,1.4013
2296,10,1.4354
2297,10,1.5519
2298,10,1.529
2299,10,1.5509
2000,11,0.75
2001,11,0.6592
2002,11,0.7538
2003,11,0.8453
2004,11,0.7019
2005,11,0.6796
2006,11,0.7665
2007,11,0.8092
2008,11,0.7775
2009,11,0.6908
2010,11,0.9531
2011,11,0.9013
2012,11,0.7941
2013,11,1.0327
2014,11,1.1855
2015,11,1.1345
2016,11,0.9678
2017,11,0.8531
2018,11,0.8439
2019,11,0.9694
2020,11,1.2147
2021,11,1.2641
2022,11,1.1348
2023,11,1.1644
2024,11,1.1421
2025,11,1.0476
2026,11,1.2964
2027,11,1.4399
2028,11,1.5087
2029,11,1.3368
2030,11,1.3792
2031,11,1.5791
2032,11,1.3322
2033,11,1.0633
2034,11,1.2118
2035,11,1.3554
2036,11,1.4835
2037,11,1.4495
2038,11,1.5629
2039,11,1.4536
2040,11,1.318
2041,11,1.2617
2042,11,1.4745
2043,11,1.7724
2044,11,1.8775
2045,11,1.3835
2046,11,1.4999
2047,11,1.6728
2048,11,1.4286
2049,11,1.4145
2050,11,1.4228
2051,11,1.3656
2052,11,1.3472
2053,11,1.4281
2054,11,1.4191
2055,11,1.3485
2056,11,1.3883
2057,11,1.2811
2058,11,1.2358
2059,11,1.4209
2060,11,1.5065
2061,11,1.5831
2062,11,1.5479
2063,11,1.543
2064,11,1.3281
2065,11,1.3467
2066,11,1.4697
2067,11,1.6317
2068,11,1.5974
2069,11,1.2606
2070,11,1.1438
2071,11,1.1882
2072,11,1.3458
2073,11,1.4452
2074,11,1.5422
2075,11,1.3707
2076,11,1.3446
2077,11,1.376
2078,11,1.4188
2079,11,1.5434
2080,11,1.6109
2081,11,1.4822
2082,11,1.2853
2083,11,1.1731
2084,11,1.1294
2085,11,1.1686
2086,11,1.4113
2087,11,1.5281
2088,11,1.4567
2089,11,1.2859
2090,11,1.2471
2091,11,1.3862
2092,11,1.3378
2093,11,1.1569
2094,11,1.1411
2095,11,1.2355
2096,11,1.3745
2097,11,1.4398
2098,11,1.5429
2099,11,1.1858
2100,11,1.2404
2101,11,1.2225
2102,11,1.3852
2103,11,1.3898
2104,11,1.4179
2105,11,1.4052
2106,11,1.4063
2107,11,1.5118
2108,11,1.3148
2109,11,1.2239
2110,11,1.1161
2111,11,1.2603
2112,11,1.3434
2113,11,1.3754
2114,11,1.4077
2115,11,1.5036
2116,11,1.3328
2117,11,1.1602
2118,11,1.1521
2119,11,1.2344
2120,11,1.3637
2121,11,1.2279
2122,11,1.1932
2123,11,1.139
2124,11,1.2296
2125,11,1.3875
2126,11,1.3565
2127,11,1.2479
2128,11,1.368
2129,11,1.4829
2130,11,1.1847
2131,11,0.8606
2132,11,1.0806
2133,11,1.2482
2134,11,1.4043
2135,11,1.2304
2136,11,1.1981
2137,11,1.4238
2138,11,1.2266
2139,11,1.045
2140,11,1.0725
2141,11,1.0446
2142,11,1.1419
2143,11,1.252
2144,11,1.3273
2145,11,1.2208
2146,11,0.9364
2147,11,1.0093
2148,11,1.2321
2149,11,1.2261
2150,11,1.244
2151,11,1.3551
2152,11,1.4751
2153,11,1.1885
2154,11,1.0043
2155,11,1.1004
2156,11,1.0979
2157,11,1.2074
2158,11,1.0111
2159,11,1.0167
2160,11,1.1216
2161,11,1.2818
2162,11,1.3953
2163,11,1.0478
2164,11,1.0302
2165,11,1.1625
2166,11,1.2918
2167,11,1.1045
2168,11,1.1323
2169,11,0.9456
2170,11,0.8477
2171,11,0.8694
2172,11,0.8967
2173,11,1.2029
2174,11,1.3635
2175,11,1.2766
2176,11,1.0905
2177,11,0.8282
2178,11,1.1058
2179,11,1.2226
2180,11,1.1209
2181,11,1.0618
2182,11,1.0834
2183,11,1.1299
2184,11,1.2674
2185,11,1.2981
2186,11,1.0852
2187,11,0.8722
2188,11,1.1195
2189,11,0.8645
2190,11,0.8901
2191,11,1.0306
2192,11,1.1304
2193,11,1.1068
2194,11,1.0583
2195,11,1.0548
2196,11,1.0034
2197,11,1.0214
2198,11,0.8064
2199,11,0.9695
2200,11,1.0008
2201,11,0.9434
2202,11,0.9388
2203,11,0.9544
2204,11,1.1931
2205,11,1.1701
2206,11,1.065
2207,11,1.0786
2208,11,1.0175
2209,11,1.1054
2210,11,0.9766
2211,11,0.9467
2212,11,0.9396
2213,11,1.0077
2214,11,1.0259
2215,11,1.1894
2216,11,1.1571
2217,11,1.154
2218,11,1.2957
2219,11,1.266
2220,11,1.0839
2221,11,1.0228
2222,11,1.2342
2223,11,1.1544
2224,11,1.12
2225,11,1.145
2226,11,0.9635
2227,11,1.0384
2228,11,0.8069
2229,11,0.7991
2230,11,0.7718
2231,11,0.7975
2232,11,0.9576
2233,11,0.9353
2234,11,0.8252
2235,11,0.9322
2236,11,0.9033
2237,11,1.0383
2238,11,1.04
2239,11,0.8558
2240,11,0.7514
2241,11,0.7602
2242,11,0.8856
2243,11,0.8081
2244,11,0.6684
2245,11,0.807
2246,11,0.8842
2247,11,0.97
2248,11,0.887
2249,11,0.9537
2250,11,0.9592
2251,11,0.8417
2252,11,0.9481
2253,11,0.9033
2254,11,0.687
2255,11,0.7985
2256,11,0.9359
2257,11,0.9007
2258,11,0.7693
2259,11,0.8974
2260,11,0.8681
2261,11,0.8987
2262,11,0.9852
2263,11,0.9962
2264,11,0.8015
2265,11,0.8924
2266,11,1.0577
2267,11,1.0169
2268,11,0.8188
2269,11,0.7896
2270,11,0.9753
2271,11,0.9941
2272,11,0.8946
2273,11,0.8045
2274,11,0.7475
2275,11,0.8094
2276,11,0.9046
2277,11,0.9951
2278,11,0.9028
2279,11,0.9625
2280,11,0.9931
2281,11,1.0862
2282,11,0.9232
2283,11,0.8116
2284,11,0.8672
2285,11,0.8253
2286,11,0.9575
2287,11,0.9704
2288,11,0.905
2289,11,0.8425
2290,11,1.0483
2291,11,0.7621
2292,11,0.7155
2293,11,0.7501
2294,11,0.7596
2295,11,0.9242
2296,11,0.8843
2297,11,0.7677
2298,11,0.9348
2299,11,1.1177
2000,12,0.5236
2001,12,0.5121
2002,12,0.3858
2003,12,0.5095
2004,12,0.5823
2005,12,0.7413
2006,12,0.6634
2007,12,0.6211
2008,12,0.728
2009,12,0.6095
2010,12,0.5136
2011,12,0.5518
2012,12,0.68
2013,12,0.7214
2014,12,0.7228
2015,12,0.8998
2016,12,0.9446
2017,12,0.8276
2018,12,0.9196
2019,12,1.1515
2020,12,1.1752
2021,12,1.0422
2022,12,0.9747
2023,12,1.1864
2024,12,1.2698
2025,12,1.2747
2026,12,1.2822
2027,12,1.1518
2028,12,1.3163
2029,12,1.2511
2030,12,1.2882
2031,12,1.4132
2032,12,1.4264
2033,12,1.4933
2034,12,1.5429
2035,12,1.4687
2036,12,1.4231
2037,12,1.5089
2038,12,1.4002
2039,12,1.502
2040,12,1.5981
2041,12,1.4827
2042,12,1.4749
2043,12,1.5184
2044,12,1.5973
2045,12,1.619
2046,12,1.3953
2047,12,1.433
2048,12,1.6518
2049,12,1.5291
2050,12,1.6287
2051,12,1.6937
2052,12,1.6623
2053,12,1.78
2054,12,1.6712
2055,12,1.7999
2056,12,1.7632
2057,12,1.6485
2058,12,1.6485
2059,12,1.5817
2060,12,1.6296
2061,12,1.6514
2062,12,1.5395
2063,12,1.6107
2064,12,1.8482
2065,12,1.9289
2066,12,1.8087
2067,12,1.8092
2068,12,1.8232
2069,12,1.8681
2070,12,1.6743
2071,12,1.5108
2072,12,1.5357
2073,12,1.589
2074,12,1.5683
2075,12,1.7508
2076,12,1.688
2077,12,1.68
2078,12,1.8043
2079,12,1.7279
2080,12,1.7395
2081,12,1.6048
2082,12,1.5227
2083,12,1.6335
2084,12,1.7804
2085,12,1.6157
2086,12,1.6493
2087,12,1.6909
2088,12,1.6434
2089,12,1.6263
2090,12,1.598
2091,12,1.5775
2092,12,1.4876
2093,12,1.4778
2094,12,1.5664
2095,12,1.4253
2096,12,1.528
2097,12,1.45
2098,12,1.4034
2099,12,1.4627
2100,12,1.4319
2101,12,1.3276
2102,12,1.4053
2103,12,1.3639
2104,12,1.3648
2105,12,1.4009
2106,12,1.4362
2107,12,1.2194
2108,12,1.3436
2109,12,1.222
2110,12,1.151
2111,12,1.1885
2112,12,1.3611
2113,12,1.3269
2114,12,1.3899
2115,12,1.4091
2116,12,1.1414
2117,12,1.2369
2118,12,1.3931
2119,12,1.3095
2120,12,1.2904
2121,12,1.1951
2122,12,1.2215
2123,12,1.2841
2124,12,1.1777
2125,12,1.2414
2126,12,1.2502
2127,12,1.1051
2128,12,0.9777
2129,12,1.0707
2130,12,1.1745
2131,12,1.1384
2132,12,1.1224
2133,12,1.1635
2134,12,1.1934
2135,12,1.0688
2136,12,1.2184
2137,12,1.058
2138,12,1.0791
2139,12,1.1241
2140,12,0.9582
2141,12,1.0765
2142,12,1.0994
2143,12,1.0067
2144,12,1.0189
2145,12,1.0561
2146,12,1.0363
2147,12,1.1328
2148,12,1.0671
2149,12,0.913
2150,12,0.7465
2151,12,0.744
2152,12,0.8338
2153,12,0.7789
2154,12,0.7441
2155,12,0.8778
2156,12,1.0143
2157,12,0.817
2158,12,0.8815
2159,12,1.028
2160,12,1.0297
2161,12,1.046
2162,12,0.9221
2163,12,0.7673
2164,12,0.8694
2165,12,0.8961
2166,12,0.9552
2167,12,0.8981
2168,12,0.9398
2169,12,0.896
2170,12,0.9705
2171,12,0.8509
2172,12,0.821
2173,12,0.8086
2174,12,0.9219
2175,12,0.8333
2176,12,0.9407
2177,12,0.9805
2178,12,0.7339
2179,12,0.6361
2180,12,0.7575
2181,12,1.0101
2182,12,0.9827
2183,12,0.8338
2184,12,0.755
2185,12,0.8969
2186,12,1.01
2187,12,0.9645
2188,12,0.7077
2189,12,0.7233
2190,12,0.7593
2191,12,0.8256
2192,12,0.7751
2193,12,0.7831
2194,12,0.7505
2195,12,0.7846
2196,12,0.8627
2197,12,0.8682
2198,12,0.9301
2199,12,0.8626
2200,12,0.9003
2201,12,0.8558
2202,12,0.7499
2203,12,0.8975
2204,12,0.7922
2205,12,0.8106
2206,12,0.8557
2207,12,0.9298
2208,12,0.9727
2209,12,0.9079
2210,12,0.9119
2211,12,1.1508
2212,12,0.9056
2213,12,0.8868
2214,12,1.0361
2215,12,1.0157
2216,12,0.7977
2217,12,0.9071
2218,12,0.9658
2219,12,0.9676
2220,12,0.9967
2221,12,0.9198
2222,12,0.8433
2223,12,0.8216
2224,12,0.9383
2225,12,1.057
2226,12,1.0894
2227,12,0.9871
2228,12,1.0258
2229,12,0.9296
2230,12,1.0355
2231,12,0.8601
2232,12,0.9631
2233,12,0.8646
2234,12,0.977
2235,12,1.0898
2236,12,1.0492
2237,12,0.9823
2238,12,0.8344
2239,12,0.8949
2240,12,0.8772
2241,12,0.9556
2242,12,0.879
2243,12,1.0077
2244,12,1.0419
2245,12,1.0828
2246,12,1.0356
2247,12,0.985
2248,12,1.0272
2249,12,0.9922
2250,12,0.8968
2251,12,0.9366
2252,12,0.9395
2253,12,0.9183
2254,12,0.9757
2255,12,0.976
2256,12,0.9365
2257,12,1.0702
2258,12,0.8705
2259,12,1.0903
2260,12,1.1165
2261,12,0.8331
2262,12,0.9357
2263,12,0.9165
2264,12,0.8473
2265,12,0.9586
2266,12,1.0225
2267,12,1.0685
2268,12,1.0747
2269,12,1.2161
2270,12,1.0092
2271,12,1.0201
2272,12,1.0843
2273,12,1.032
2274,12,0.8333
2275,12,0.9492
2276,12,1.0064
2277,12,0.9215
2278,12,0.93
2279,12,0.8988
2280,12,1.0074
2281,12,0.7861
2282,12,0.8531
2283,12,0.9314
2284,12,0.761
2285,12,0.8237
2286,12,1.0252
2287,12,1.0464
2288,12,1.0497
2289,12,1.0611
2290,12,1.0328
2291,12,1.0386
2292,12,0.9591
2293,12,1.1221
2294,12,1.1261
2295,12,1.0055
2296,12,1.0833
2297,12,1.2088
2298,12,1.02
2299,12,1.1095
2000,13,0.6486
2001,13,0.6885
2002,13,0.7124
2003,13,0.7057
2004,13,0.6933
2005,13,0.7438
2006,13,0.7603
2007,13,0.734
2008,13,0.7892
2009,13,0.8401
2010,13,0.9025
2011,13,0.8909
2012,13,0.9264
2013,13,0.9386
2014,13,0.9895
2015,13,0.9977
2016,13,1.0235
2017,13,1.0546
2018,13,1.0964
2019,13,1.0983
2020,13,1.1233
2021,13,1.1888
2022,13,1.2248
2023,13,1.2904
2024,13,1.3348
2025,13,1.3385
2026,13,1.2896
2027,13,1.3316
2028,13,1.3715
2029,13,1.3691
2030,13,1.4295
2031,13,1.4314
2032,13,1.4423
2033,13,1.4699
2034,13,1.4693
2035,13,1.5301
2036,13,1.5416
2037,13,1.5345
2038,13,1.5806
2039,13,1.6143
2040,13,1.5749
2041,13,1.5555
2042,13,1.6029
2043,13,1.628
2044,13,1.6624
2045,13,1.6302
2046,13,1.6636
2047,13,1.6684
2048,13,1.6875
2049,13,1.7212
2050,13,1.7222
2051,13,1.685
2052,13,1.6955
2053,13,1.716
2054,13,1.7065
2055,13,1.7034
2056,13,1.7111
2057,13,1.7183
2058,13,1.7249
2059,13,1.7074
2060,13,1.7552
2061,13,1.7643
2062,13,1.7529
2063,13,1.7811
2064,13,1.7626
2065,13,1.7667
2066,13,1.7625
2067,13,1.7836
2068,13,1.787
2069,13,1.7761
2070,13,1.7437
2071,13,1.7463
2072,13,1.715
2073,13,1.7496
2074,13,1.7826
2075,13,1.7471
2076,13,1.7296
2077,13,1.7219
2078,13,1.7428
2079,13,1.7657
2080,13,1.7872
2081,13,1.7063
2082,13,1.7375
2083,13,1.7695
2084,13,1.7623
2085,13,1.7305
2086,13,1.7783
2087,13,1.7463
2088,13,1.7436
2089,13,1.714
2090,13,1.7126
2091,13,1.7241
2092,13,1.7177
2093,13,1.6986
2094,13,1.696
2095,13,1.6906
2096,13,1.7287
2097,13,1.6852
2098,13,1.6987
2099,13,1.7201
2100,13,1.7176
2101,13,1.695
2102,13,1.7293
2103,13,1.7301
2104,13,1.664
2105,13,1.6343
2106,13,1.6931
2107,13,1.7003
2108,13,1.6464
2109,13,1.6484
2110,13,1.6449
2111,13,1.6704
2112,13,1.6992
2113,13,1.6941
2114,13,1.6628
2115,13,1.6558
2116,13,1.6118
2117,13,1.6146
2118,13,1.6432
2119,13,1.6007
2120,13,1.6425
2121,13,1.6385
2122,13,1.6537
2123,13,1.616
2124,13,1.6397
2125,13,1.6867
2126,13,1.641
2127,13,1.5945
2128,13,1.5918
2129,13,1.6054
2130,13,1.609
2131,13,1.589
2132,13,1.6347
2133,13,1.6184
2134,13,1.6012
2135,13,1.6071
2136,13,1.6071
2137,13,1.5766
2138,13,1.5669
2139,13,1.5294
2140,13,1.5287
2141,13,1.5545
2142,13,1.5331
2143,13,1.5609
2144,13,1.5682
2145,13,1.544
2146,13,1.5314
2147,13,1.5638
2148,13,1.5498
2149,13,1.5141
2150,13,1.5026
2151,13,1.4966
2152,13,1.5397
2153,13,1.491
2154,13,1.4309
2155,13,1.4755
2156,13,1.5495
2157,13,1.5319
2158,13,1.5203
2159,13,1.4982
2160,13,1.4827
2161,13,1.4665
2162,13,1.5104
2163,13,1.4645
2164,13,1.4427
2165,13,1.4468
2166,13,1.4682
2167,13,1.4653
2168,13,1.5011
2169,13,1.4715
2170,13,1.4066
2171,13,1.4484
2172,13,1.4733
2173,13,1.4975
2174,13,1.5666
2175,13,1.5116
2176,13,1.4501
2177,13,1.4428
2178,13,1.4248
2179,13,1.4171
2180,13,1.461
2181,13,1.4795
2182,13,1.4816
2183,13,1.4826
2184,13,1.5014
2185,13,1.4783
2186,13,1.4827
2187,13,1.4232
2188,13,1.413
2189,13,1.4387
2190,13,1.4752
2191,13,1.4409
2192,13,1.4417
2193,13,1.4505
2194,13,1.4741
2195,13,1.4784
2196,13,1.5064
2197,13,1.5167
2198,13,1.4817
2199,13,1.4657
2200,13,1.461
2201,13,1.4653
2202,13,1.4776
2203,13,1.4895
2204,13,1.4606
2205,13,1.4271
2206,13,1.4364
2207,13,1.4464
2208,13,1.443
2209,13,1.4504
2210,13,1.4803
2211,13,1.5054
2212,13,1.4626
2213,13,1.4401
2214,13,1.4461
2215,13,1.4742
2216,13,1.4249
2217,13,1.4661
2218,13,1.4512
2219,13,1.4071
2220,13,1.4626
2221,13,1.4369
2222,13,1.4856
2223,13,1.4719
2224,13,1.4727
2225,13,1.516
2226,13,1.4486
2227,13,1.4478
2228,13,1.4276
2229,13,1.4314
2230,13,1.4364
2231,13,1.4021
2232,13,1.4339
2233,13,1.4119
2234,13,1.4175
2235,13,1.3953
2236,13,1.4314
2237,13,1.4424
2238,13,1.4074
2239,13,1.4076
2240,13,1.4251
2241,13,1.4117
2242,13,1.4069
2243,13,1.4356
2244,13,1.4093
2245,13,1.4444
2246,13,1.4226
2247,13,1.427
2248,13,1.4356
2249,13,1.3965
2250,13,1.3861
2251,13,1.4243
2252,13,1.412
2253,13,1.3827
2254,13,1.4251
2255,13,1.4236
2256,13,1.4165
2257,13,1.419
2258,13,1.3893
2259,13,1.3954
2260,13,1.4347
2261,13,1.3706
2262,13,1.3864
2263,13,1.3936
2264,13,1.3541
2265,13,1.4206
2266,13,1.434
2267,13,1.3895
2268,13,1.3795
2269,13,1.3837
2270,13,1.4112
2271,13,1.4038
2272,13,1.4
2273,13,1.4054
2274,13,1.3523
2275,13,1.3745
2276,13,1.4509
2277,13,1.4482
2278,13,1.3938
2279,13,1.3819
2280,13,1.4107
2281,13,1.4192
2282,13,1.4276
2283,13,1.4105
2284,13,1.3708
2285,13,1.3454
2286,13,1.4045
2287,13,1.4082
2288,13,1.4155
2289,13,1.444
2290,13,1.4527
2291,13,1.3592
2292,13,1.3888
2293,13,1.435
2294,13,1.4241
2295,13,1.4025
2296,13,1.3963
2297,13,1.3741
2298,13,1.3801
2299,13,1.4298
