sid,temporada,basin_cod,cuenca,nombre,viento_max_kt,presion_min_mb,categoria,n_observaciones,duracion_dias
2023005S18142,2023,SP,Pacífico Sur,HALE,50.0,985.0,Tormenta tropical,28,3.5
2023013S08081,2023,SI,Índico Sur,CHENESO,80.0,968.0,Cat 1,102,15.38
2023015N36289,2023,NA,Atlántico Norte,UNNAMED,60.0,976.0,Tormenta tropical,11,1.12
2023016S15160,2023,SP,Pacífico Sur,IRENE,55.0,990.0,Tormenta tropical,35,4.75
2023020S18156,2023,SP,Pacífico Sur,UNNAMED,40.0,996.0,Tormenta tropical,34,4.12
2023032S12091,2023,SI,Índico Sur,DINGANI,85.0,972.0,Cat 2,100,13.88
2023036S12117,2023,SI,Índico Sur,FREDDY,140.0,923.0,Cat 5,258,36.88
2023036S12163,2023,SP,Pacífico Sur,GABRIELLE,90.0,958.0,Cat 2,45,5.5
2023050S09094,2023,SI,Índico Sur,ENALA,75.0,982.0,Cat 1,66,8.12
2023054S19117,2023,SI,Índico Sur,UNNAMED,40.0,,Tormenta tropical,42,5.12
2023055S14184,2023,SP,Pacífico Sur,JUDY,110.0,941.0,Cat 3,65,8.0
2023059S15149,2023,SP,Pacífico Sur,KEVIN,135.0,918.0,Cat 4,59,7.25
2023084S11065,2023,SI,Índico Sur,UNNAMED,40.0,,Tormenta tropical,12,1.38
2023087S10096,2023,SI,Índico Sur,HERMAN,130.0,930.0,Cat 4,54,7.0
2023096S07135,2023,SI,Índico Sur,ILSA,140.0,920.0,Cat 5,70,8.5
2023108N03160,2023,WP,Pacífico Noroccidental,SANVU,45.0,999.0,Tormenta tropical,24,2.88
2023129N08091,2023,NI,Índico Norte,MOCHA,145.0,908.0,Cat 5,50,6.12
2023132S03090,2023,SI,Índico Sur,FABIEN,105.0,961.0,Cat 3,86,11.38
2023138N05151,2023,WP,Pacífico Noroccidental,MAWAR,165.0,891.0,Cat 5,116,14.38
2023152N26274,2023,NA,Atlántico Norte,ARLENE,35.0,998.0,Tormenta tropical,16,1.88
2023156N10067,2023,NI,Índico Norte,BIPARJOY,110.0,944.0,Cat 3,113,14.0
2023156N12135,2023,WP,Pacífico Noroccidental,GUCHOL,95.0,958.0,Cat 2,52,6.38
2023160N20092,2023,NI,Índico Norte,UNNAMED,45.0,982.0,Tormenta tropical,15,1.75
2023170N11323,2023,NA,Atlántico Norte,BRET,60.0,996.0,Tormenta tropical,44,5.25
2023173N10320,2023,NA,Atlántico Norte,CINDY,50.0,1004.0,Tormenta tropical,33,4.0
2023179N15256,2023,EP,Pacífico Nororiental,ADRIAN,90.0,970.0,Cat 2,40,4.88
2023180N13264,2023,EP,Pacífico Nororiental,BEATRIZ,75.0,992.0,Cat 1,17,2.0
2023191N10262,2023,EP,Pacífico Nororiental,CALVIN,110.0,953.0,Cat 3,68,8.38
2023193N37305,2023,NA,Atlántico Norte,DON,65.0,986.0,Cat 1,82,10.12
2023194N16123,2023,WP,Pacífico Noroccidental,TALIM,80.0,964.0,Cat 1,62,5.88
2023201N13134,2023,WP,Pacífico Noroccidental,DOKSURI,130.0,928.0,Cat 4,64,8.62
2023207N09141,2023,WP,Pacífico Noroccidental,KHANUN,125.0,924.0,Cat 4,112,13.88
2023212N19090,2023,NI,Índico Norte,UNNAMED,40.0,981.0,Tormenta tropical,30,3.75
2023213N14257,2023,EP,Pacífico Nororiental,DORA,130.0,939.0,Cat 4,91,11.25
2023213N14257,2023,WP,Pacífico Noroccidental,DORA,98.0,967.0,Cat 3,37,4.5
2023217N15256,2023,EP,Pacífico Nororiental,EUGENE,60.0,992.0,Tormenta tropical,16,1.88
2023218N25145,2023,WP,Pacífico Noroccidental,LAN,120.0,932.0,Cat 4,82,9.88
2023225N14248,2023,EP,Pacífico Nororiental,FERNANDA,115.0,949.0,Cat 4,38,4.62
2023226N11222,2023,EP,Pacífico Nororiental,GREG,45.0,1000.0,Tormenta tropical,36,4.75
2023228N12259,2023,EP,Pacífico Nororiental,HILARY,120.0,940.0,Cat 4,38,4.5
2023231N15313,2023,NA,Atlántico Norte,GERT,50.0,998.0,Tormenta tropical,56,16.12
2023231N15327,2023,NA,Atlántico Norte,EMILY,45.0,998.0,Tormenta tropical,10,1.12
2023232N13300,2023,NA,Atlántico Norte,FRANKLIN,130.0,926.0,Cat 4,101,12.38
2023234N18128,2023,WP,Pacífico Noroccidental,SAOLA,140.0,917.0,Cat 5,124,12.25
2023234N19154,2023,WP,Pacífico Noroccidental,DAMREY,60.0,979.0,Tormenta tropical,44,6.88
2023234N25271,2023,NA,Atlántico Norte,HAROLD,50.0,995.0,Tormenta tropical,14,1.62
2023239N16242,2023,EP,Pacífico Nororiental,IRWIN,40.0,998.0,Tormenta tropical,22,2.62
2023239N18144,2023,WP,Pacífico Noroccidental,HAIKUI,105.0,945.0,Cat 3,71,9.88
2023239N21274,2023,NA,Atlántico Norte,IDALIA,115.0,942.0,Cat 4,41,4.88
2023241N10158,2023,WP,Pacífico Noroccidental,KIROGI,70.0,981.0,Cat 1,51,7.62
2023241N28308,2023,NA,Atlántico Norte,JOSE,55.0,996.0,Tormenta tropical,31,3.75
2023242N15339,2023,NA,Atlántico Norte,KATIA,50.0,998.0,Tormenta tropical,28,3.38
2023247N20130,2023,WP,Pacífico Noroccidental,YUN-YEUNG,45.0,988.0,Tormenta tropical,26,3.12
2023248N12257,2023,EP,Pacífico Nororiental,JOVA,140.0,926.0,Cat 5,44,5.38
2023249N12320,2023,NA,Atlántico Norte,LEE,145.0,926.0,Cat 5,86,10.62
2023251N16334,2023,NA,Atlántico Norte,MARGOT,80.0,969.0,Cat 1,76,9.38
2023258N14318,2023,NA,Atlántico Norte,NIGEL,85.0,971.0,Cat 2,56,6.88
2023261N13248,2023,EP,Pacífico Nororiental,KENNETH,45.0,1000.0,Tormenta tropical,26,3.12
2023265N29284,2023,NA,Atlántico Norte,OPHELIA,60.0,981.0,Tormenta tropical,11,1.12
2023266N16323,2023,NA,Atlántico Norte,PHILIPPE,50.0,998.0,Tormenta tropical,106,13.0
2023271N14144,2023,WP,Pacífico Noroccidental,KOINU,120.0,936.0,Cat 4,100,10.38
2023271N16316,2023,NA,Atlántico Norte,RINA,45.0,999.0,Tormenta tropical,28,3.38
2023276N11254,2023,EP,Pacífico Nororiental,LIDIA,120.0,942.0,Cat 4,68,8.38
2023279N08157,2023,WP,Pacífico Noroccidental,BOLAVEN,165.0,897.0,Cat 5,58,7.12
2023281N14260,2023,EP,Pacífico Nororiental,MAX,60.0,990.0,Tormenta tropical,11,1.25
2023284N10330,2023,NA,Atlántico Norte,SEAN,40.0,1005.0,Tormenta tropical,38,4.62
2023289N15111,2023,WP,Pacífico Noroccidental,SANBA,45.0,996.0,Tormenta tropical,32,3.88
2023290N12256,2023,EP,Pacífico Nororiental,NORMA,115.0,939.0,Cat 4,50,5.94
2023292N11063,2023,NI,Índico Norte,TEJ,105.0,958.0,Cat 3,38,4.62
2023292N13309,2023,NA,Atlántico Norte,TAMMY,95.0,965.0,Cat 2,83,10.12
2023292S03172,2024,SP,Pacífico Sur,LOLA,125.0,937.0,Cat 4,42,5.12
2023293N12089,2023,NI,Índico Norte,HAMOON,90.0,970.0,Cat 2,31,3.75
2023294N09264,2023,EP,Pacífico Nororiental,OTIS,145.0,922.0,Cat 5,28,3.25
2023302N10267,2023,EP,Pacífico Nororiental,PILAR,55.0,995.0,Tormenta tropical,66,8.12
2023316S08168,2024,SP,Pacífico Sur,MAL,75.0,975.0,Cat 1,39,4.75
2023317N10094,2023,NI,Índico Norte,MIDHILI,40.0,995.0,Tormenta tropical,19,2.25
2023326N10240,2023,EP,Pacífico Nororiental,RAMON,40.0,1002.0,Tormenta tropical,38,4.62
2023334N08088,2023,NI,Índico Norte,MICHAUNG,65.0,985.0,Cat 1,33,4.0
2023337S08165,2024,SP,Pacífico Sur,JASPER,120.0,937.0,Cat 4,93,12.38
2023364S19035,2024,SI,Índico Sur,ALVARO,65.0,986.0,Cat 1,34,4.88
2024012S09093,2024,SI,Índico Sur,ANGGREK,115.0,948.0,Cat 4,142,17.62
2024012S12059,2024,SI,Índico Sur,BELAL,90.0,969.0,Cat 2,56,6.88
2024017S15151,2024,SP,Pacífico Sur,KIRRILY,55.0,985.0,Tormenta tropical,90,16.38
2024022S16058,2024,SI,Índico Sur,CANDICE,50.0,984.0,Tormenta tropical,36,4.38
2024029S15063,2024,SI,Índico Sur,UNNAMED,35.0,994.0,Tormenta tropical,30,3.62
2024031S24154,2024,SP,Pacífico Sur,UNNAMED,40.0,995.0,Tormenta tropical,66,12.38
2024035S16188,2024,SP,Pacífico Sur,NAT,55.0,989.0,Tormenta tropical,45,5.75
2024037S09184,2024,SP,Pacífico Sur,OSAI,50.0,992.0,Tormenta tropical,22,2.62
2024044S14066,2024,SI,Índico Sur,DJOUNGOU,140.0,923.0,Cat 5,43,6.62
2024044S15134,2024,SI,Índico Sur,LINCOLN,35.0,997.0,Tormenta tropical,56,8.25
2024044S15134,2024,SP,Pacífico Sur,LINCOLN,45.0,991.0,Tormenta tropical,26,3.12
2024045S15192,2024,SP,Pacífico Sur,UNNAMED,55.0,989.0,Tormenta tropical,22,2.62
2024049S17052,2024,SI,Índico Sur,ELEANOR,60.0,990.0,Tormenta tropical,46,5.62
2024061S11062,2024,SI,Índico Sur,FILIPO,55.0,993.0,Tormenta tropical,50,11.38
2024067S10090,2024,SI,Índico Sur,NEVILLE,115.0,947.0,Cat 4,148,18.38
2024073S14128,2024,SP,Pacífico Sur,MEGAN,90.0,960.0,Cat 2,39,4.62
2024082S08054,2024,SI,Índico Sur,GAMANE,85.0,971.0,Cat 2,40,4.88
2024096S11120,2024,SI,Índico Sur,OLGA,115.0,944.0,Cat 4,56,7.0
2024100S11152,2024,SP,Pacífico Sur,PAUL,50.0,993.0,Tormenta tropical,22,2.62
2024121S07047,2024,SI,Índico Sur,HIDAYA,80.0,977.0,Cat 1,33,4.0
2024134S07055,2024,SI,Índico Sur,IALY,65.0,982.0,Cat 1,62,7.62
2024139S02072,2024,SI,Índico Sur,UNNAMED,40.0,995.0,Tormenta tropical,20,2.38
2024141N03142,2024,WP,Pacífico Noroccidental,EWINIAR,90.0,961.0,Cat 2,50,6.12
2024145N14087,2024,NI,Índico Norte,REMAL,60.0,977.0,Tormenta tropical,27,3.25
2024170N20267,2024,NA,Atlántico Norte,ALBERTO,45.0,992.0,Tormenta tropical,9,1.0
2024181N09320,2024,NA,Atlántico Norte,BERYL,145.0,932.0,Cat 5,92,10.88
2024183N20265,2024,NA,Atlántico Norte,CHRIS,40.0,1005.0,Tormenta tropical,5,0.5
2024186N15256,2024,EP,Pacífico Nororiental,ALETTA,35.0,1005.0,Tormenta tropical,14,1.62
2024198N08130,2024,WP,Pacífico Noroccidental,PRAPIROON,60.0,981.0,Tormenta tropical,50,6.75
2024201N12133,2024,WP,Pacífico Noroccidental,GAEMI,125.0,919.0,Cat 4,73,9.75
2024207N16250,2024,EP,Pacífico Nororiental,BUD,50.0,1001.0,Tormenta tropical,14,1.62
2024213N14254,2024,EP,Pacífico Nororiental,CARLOTTA,80.0,979.0,Cat 1,46,5.62
2024216N12231,2024,EP,Pacífico Nororiental,DANIEL,35.0,1005.0,Tormenta tropical,23,2.75
2024216N20284,2024,NA,Atlántico Norte,DEBBY,70.0,979.0,Cat 1,49,5.88
2024218N14254,2024,EP,Pacífico Nororiental,FABIO,55.0,996.0,Tormenta tropical,18,2.12
2024218N16247,2024,EP,Pacífico Nororiental,EMILIA,60.0,988.0,Tormenta tropical,34,4.12
2024218N23143,2024,WP,Pacífico Noroccidental,MARIA,70.0,973.0,Cat 1,61,7.75
2024224N27154,2024,WP,Pacífico Noroccidental,SON-TINH,40.0,984.0,Tormenta tropical,16,3.38
2024225N14313,2024,NA,Atlántico Norte,ERNESTO,85.0,967.0,Cat 2,68,7.88
2024225N22135,2024,WP,Pacífico Noroccidental,AMPIL,110.0,939.0,Cat 3,57,7.38
2024231N14251,2024,EP,Pacífico Nororiental,GILMA,115.0,950.0,Cat 4,93,11.5
2024231N24126,2024,WP,Pacífico Noroccidental,JONGDARI,35.0,983.0,Tormenta tropical,31,3.88
2024233N15148,2024,WP,Pacífico Noroccidental,SHANSHAN,115.0,935.0,Cat 4,95,12.12
2024235N16223,2024,EP,Pacífico Nororiental,HONE,75.0,988.0,Cat 1,82,10.12
2024236N14248,2024,EP,Pacífico Nororiental,HECTOR,50.0,998.0,Tormenta tropical,28,3.38
2024238N25077,2024,NI,Índico Norte,ASNA,40.0,987.0,Tormenta tropical,70,8.62
2024244N09137,2024,WP,Pacífico Noroccidental,YAGI,145.0,907.0,Cat 5,70,8.75
2024246N22147,2024,WP,Pacífico Noroccidental,LEEPI,40.0,977.0,Tormenta tropical,38,5.38
2024253N11148,2024,WP,Pacífico Noroccidental,BEBINCA,80.0,959.0,Cat 1,65,8.12
2024253N21266,2024,NA,Atlántico Norte,FRANCINE,90.0,972.0,Cat 2,27,3.12
2024256N16332,2024,NA,Atlántico Norte,GORDON,40.0,1004.0,Tormenta tropical,47,5.75
2024256N18254,2024,EP,Pacífico Nororiental,ILEANA,45.0,997.0,Tormenta tropical,22,2.62
2024259N12145,2024,WP,Pacífico Noroccidental,PULASAN,45.0,979.0,Tormenta tropical,25,6.12
2024259N17126,2024,WP,Pacífico Noroccidental,SOULIK,35.0,989.0,Tormenta tropical,42,5.5
2024267N14261,2024,EP,Pacífico Nororiental,JOHN,105.0,956.0,Cat 3,39,5.25
2024267N29129,2024,WP,Pacífico Noroccidental,CIMARON,35.0,985.0,Tormenta tropical,33,4.38
2024268N17278,2024,NA,Atlántico Norte,HELENE,120.0,939.0,Cat 4,28,3.12
2024269N14150,2024,WP,Pacífico Noroccidental,JEBI,70.0,969.0,Cat 1,46,6.88
2024269N39302,2024,NA,Atlántico Norte,ISAAC,90.0,963.0,Cat 2,36,4.38
2024270N24128,2024,WP,Pacífico Noroccidental,KRATHON,135.0,922.0,Cat 4,52,6.38
2024271N17319,2024,NA,Atlántico Norte,JOYCE,45.0,1001.0,Tormenta tropical,29,3.5
2024274N14328,2024,NA,Atlántico Norte,KIRK,130.0,928.0,Cat 4,62,7.62
2024274S09075,2025,SI,Índico Sur,ANCHA,51.0,954.0,Tormenta tropical,26,3.62
2024275N10336,2024,NA,Atlántico Norte,LESLIE,90.0,970.0,Cat 2,81,10.0
2024275N14264,2024,EP,Pacífico Nororiental,UNNAMED,35.0,1001.0,Tormenta tropical,15,1.75
2024278N11150,2024,WP,Pacífico Noroccidental,BARIJAT,45.0,988.0,Tormenta tropical,45,5.88
2024279N21265,2024,NA,Atlántico Norte,MILTON,155.0,895.0,Cat 5,47,5.12
2024293N13141,2024,WP,Pacífico Noroccidental,TRAMI,65.0,984.0,Cat 1,86,11.0
2024293N17275,2024,NA,Atlántico Norte,NADINE,50.0,1002.0,Tormenta tropical,11,1.12
2024293N21294,2024,NA,Atlántico Norte,OSCAR,75.0,984.0,Cat 1,31,3.5
2024295N15092,2024,NI,Índico Norte,DANA,65.0,985.0,Cat 1,30,3.62
2024296N13260,2024,EP,Pacífico Nororiental,KRISTY,140.0,926.0,Cat 5,48,5.88
2024298N13150,2024,WP,Pacífico Noroccidental,KONG-REY,140.0,915.0,Cat 5,62,8.38
2024306N39319,2024,NA,Atlántico Norte,PATTY,55.0,982.0,Tormenta tropical,21,2.5
2024307N06143,2024,WP,Pacífico Noroccidental,YINXING,130.0,931.0,Cat 4,79,9.88
2024307N11232,2024,EP,Pacífico Nororiental,LANE,40.0,1004.0,Tormenta tropical,16,1.88
2024309N13283,2024,NA,Atlántico Norte,RAFAEL,105.0,954.0,Cat 3,49,5.88
2024312N14145,2024,WP,Pacífico Noroccidental,TORAJI,80.0,976.0,Cat 1,80,6.62
2024313N10169,2024,WP,Pacífico Noroccidental,MAN-YI,140.0,924.0,Cat 5,95,12.25
2024313S06092,2025,SI,Índico Sur,BHEKI,115.0,947.0,Cat 4,78,10.62
2024314N07151,2024,WP,Pacífico Noroccidental,USAGI,130.0,934.0,Cat 4,52,7.38
2024319N16282,2024,NA,Atlántico Norte,SARA,45.0,997.0,Tormenta tropical,33,3.75
2024328S09096,2025,SI,Índico Sur,ROBYN,51.0,988.0,Tormenta tropical,67,8.25
2024329N04089,2024,NI,Índico Norte,FENGAL,45.0,991.0,Tormenta tropical,60,8.12
2024341S12086,2025,SI,Índico Sur,CHIDO,134.0,929.0,Cat 4,70,8.62
2024359S13097,2025,SI,Índico Sur,UNNAMED,35.0,1001.0,Tormenta tropical,57,7.0
2024364S13117,2025,SI,Índico Sur,DIKELEDI,99.0,950.0,Cat 3,114,17.12
2025008S13107,2025,SI,Índico Sur,UNNAMED,40.0,,Tormenta tropical,45,5.5
2025010S17185,2025,SP,Pacífico Sur,PITA,39.0,993.0,Tormenta tropical,8,0.88
2025017S18122,2025,SI,Índico Sur,SEAN,115.0,936.0,Cat 4,40,4.88
2025024S11082,2025,SI,Índico Sur,FAIDA,45.0,996.0,Tormenta tropical,56,6.88
2025029S25043,2025,SI,Índico Sur,ELVIS,45.0,989.0,Tormenta tropical,20,2.38
2025031S15106,2025,SI,Índico Sur,VINCE,134.0,924.0,Cat 4,94,11.62
2025032S14120,2025,SI,Índico Sur,TALIAH,84.0,967.0,Cat 2,134,17.88
2025039S14125,2025,SI,Índico Sur,ZELIA,128.0,923.0,Cat 4,54,6.5
2025050S12125,2025,SI,Índico Sur,BIANCA,99.0,958.0,Cat 3,67,8.25
2025052S14148,2025,SP,Pacífico Sur,ALFRED,115.0,943.0,Cat 4,129,15.75
2025052S23038,2025,SI,Índico Sur,HONDE,70.0,967.0,Cat 1,68,8.38
2025054S13182,2025,SP,Pacífico Sur,RAE,89.0,961.0,Cat 2,19,2.25
2025054S17051,2025,SI,Índico Sur,GARANCE,105.0,953.0,Cat 3,48,5.88
2025056S16171,2025,SP,Pacífico Sur,SERU,64.0,980.0,Cat 1,20,2.38
2025064S05095,2025,SI,Índico Sur,IVONE,51.0,989.0,Tormenta tropical,34,4.12
2025064S12067,2025,SI,Índico Sur,JUDE,80.0,975.0,Cat 1,74,11.12
2025076S13107,2025,SI,Índico Sur,UNNAMED,45.0,995.0,Tormenta tropical,67,8.25
2025082S13116,2025,SI,Índico Sur,COURTNEY,128.0,932.0,Cat 4,74,9.12
2025086S14121,2025,SI,Índico Sur,DIANNE,45.0,991.0,Tormenta tropical,29,3.5
2025100S09132,2025,SI,Índico Sur,ERROL,138.0,919.0,Cat 5,72,8.88
2025104S15168,2025,SP,Pacífico Sur,TAM,51.0,986.0,Tormenta tropical,5,0.5
2025106S10135,2025,SP,Pacífico Sur,UNNAMED,35.0,998.0,Tormenta tropical,47,5.75
2025107S30034,2025,SI,Índico Sur,KANTO,45.0,,Tormenta tropical,24,2.88
2025129S08138,2025,SP,Pacífico Sur,UNNAMED,35.0,1003.0,Tormenta tropical,29,3.5
2025149N12256,2025,EP,Pacífico Nororiental,ALVIN,50.0,999.0,Tormenta tropical,20,2.38
2025159N12250,2025,EP,Pacífico Nororiental,COSME,60.0,991.0,Tormenta tropical,24,2.88
2025159N15258,2025,EP,Pacífico Nororiental,BARBARA,65.0,991.0,Cat 1,20,2.38
2025161N15114,2025,WP,Pacífico Noroccidental,WUTIP,64.0,979.0,Cat 1,42,5.12
2025164N11260,2025,EP,Pacífico Nororiental,DALILA,55.0,992.0,Tormenta tropical,20,2.38
2025168N11269,2025,EP,Pacífico Nororiental,ERICK,120.0,944.0,Cat 4,26,3.0
2025172N21147,2025,WP,Pacífico Noroccidental,SEPAT,39.0,1000.0,Tormenta tropical,43,5.25
2025173N30302,2025,NA,Atlántico Norte,ANDREA,35.0,1014.0,Tormenta tropical,12,1.38
2025180N13261,2025,EP,Pacífico Nororiental,FLOSSIE,105.0,958.0,Cat 3,34,4.12
2025180N19266,2025,NA,Atlántico Norte,BARRY,40.0,1006.0,Tormenta tropical,14,1.5
2025182N22149,2025,WP,Pacífico Noroccidental,MUN,60.0,982.0,Tormenta tropical,56,6.88
2025184N20122,2025,WP,Pacífico Noroccidental,DANAS,89.0,958.0,Cat 2,53,6.5
2025185N30280,2025,NA,Atlántico Norte,CHANTAL,50.0,1002.0,Tormenta tropical,23,2.62
2025191N19142,2025,WP,Pacífico Noroccidental,NARI,51.0,983.0,Tormenta tropical,43,5.12
2025197N14131,2025,WP,Pacífico Noroccidental,WIPHA,64.0,970.0,Cat 1,53,6.5
2025203N18133,2025,WP,Pacífico Noroccidental,FRANCISCO,39.0,987.0,Tormenta tropical,32,3.88
2025203N20124,2025,WP,Pacífico Noroccidental,CO-MAY,70.0,974.0,Cat 1,85,12.25
2025205N13145,2025,WP,Pacífico Noroccidental,KROSA,80.0,962.0,Cat 1,94,11.62
2025207N11219,2025,EP,Pacífico Nororiental,IONA,115.0,956.0,Cat 4,45,5.5
2025209N12220,2025,EP,Pacífico Nororiental,KELI,45.0,1003.0,Tormenta tropical,17,2.0
2025212N13247,2025,EP,Pacífico Nororiental,GIL,65.0,991.0,Cat 1,28,3.38
2025212N26130,2025,WP,Pacífico Noroccidental,BAILU,35.0,994.0,Tormenta tropical,46,5.62
2025215N33284,2025,NA,Atlántico Norte,DEXTER,50.0,999.0,Tormenta tropical,26,3.12
2025216N13243,2025,EP,Pacífico Nororiental,HENRIETTE,75.0,986.0,Cat 1,64,8.88
2025218N19149,2025,WP,Pacífico Noroccidental,PODUL,89.0,966.0,Cat 2,73,9.0
2025219N13264,2025,EP,Pacífico Nororiental,IVO,55.0,998.0,Tormenta tropical,38,4.62
2025223N17337,2025,NA,Atlántico Norte,ERIN,140.0,913.0,Cat 5,94,11.62
2025229N22127,2025,WP,Pacífico Noroccidental,LINGLING,45.0,992.0,Tormenta tropical,43,5.12
2025233N15126,2025,WP,Pacífico Noroccidental,KAJIKI,93.0,964.0,Cat 2,44,5.38
2025236N27298,2025,NA,Atlántico Norte,FERNAND,50.0,999.0,Tormenta tropical,32,3.88
2025237N16251,2025,EP,Pacífico Nororiental,JULIETTE,60.0,994.0,Tormenta tropical,28,3.38
2025240N15117,2025,WP,Pacífico Noroccidental,NONGFA,39.0,993.0,Tormenta tropical,26,3.12
2025243N14239,2025,EP,Pacífico Nororiental,KIKO,125.0,945.0,Cat 4,84,10.38
2025245N17255,2025,EP,Pacífico Nororiental,LORENA,75.0,981.0,Cat 1,24,2.88
2025245N19129,2025,WP,Pacífico Noroccidental,PEIPAH,48.0,991.0,Tormenta tropical,33,3.62
2025248N18120,2025,WP,Pacífico Noroccidental,TAPAH,64.0,984.0,Cat 1,32,3.88
2025254N14262,2025,EP,Pacífico Nororiental,MARIO,55.0,994.0,Tormenta tropical,32,5.12
2025259N13126,2025,WP,Pacífico Noroccidental,MITAG,45.0,994.0,Tormenta tropical,42,5.25
2025260N13138,2025,WP,Pacífico Noroccidental,RAGASA,144.0,910.0,Cat 5,70,8.62
2025261N19312,2025,NA,Atlántico Norte,GABRIELLE,120.0,944.0,Cat 4,64,7.88
2025261N23166,2025,WP,Pacífico Noroccidental,NEOGURI,124.0,936.0,Cat 4,92,11.38
2025265N14261,2025,EP,Pacífico Nororiental,NARDA,90.0,970.0,Cat 2,56,6.88
2025266N11137,2025,WP,Pacífico Noroccidental,BUALOI,80.0,970.0,Cat 1,57,7.0
2025268N19306,2025,NA,Atlántico Norte,HUMBERTO,140.0,918.0,Cat 5,56,6.88
2025270N21285,2025,NA,Atlántico Norte,IMELDA,80.0,966.0,Cat 1,36,4.38
2025273N09248,2025,EP,Pacífico Nororiental,OCTAVE,80.0,980.0,Cat 1,76,9.38
2025274N14133,2025,WP,Pacífico Noroccidental,MATMO,89.0,966.0,Cat 2,46,5.62
2025274N16087,2025,NI,Índico Norte,UNNAMED,35.0,994.0,Tormenta tropical,17,2.0
2025275N22068,2025,NI,Índico Norte,SHAKHTI,74.0,976.0,Cat 1,47,5.75
2025276N20147,2025,WP,Pacífico Noroccidental,HALONG,119.0,935.0,Cat 4,60,7.38
2025278N15254,2025,EP,Pacífico Nororiental,PRISCILLA,100.0,954.0,Cat 3,52,6.38
2025280N11319,2025,NA,Atlántico Norte,JERRY,55.0,1000.0,Tormenta tropical,35,4.25
2025280N13147,2025,WP,Pacífico Noroccidental,NAKRI,74.0,974.0,Cat 1,66,8.12
2025281N38324,2025,NA,Atlántico Norte,KAREN,40.0,998.0,Tormenta tropical,12,1.38
2025282N16261,2025,EP,Pacífico Nororiental,RAYMOND,50.0,998.0,Tormenta tropical,20,2.38
2025286N14320,2025,NA,Atlántico Norte,LORENZO,50.0,1000.0,Tormenta tropical,19,2.25
2025289N13140,2025,WP,Pacífico Noroccidental,FENGSHEN,51.0,988.0,Tormenta tropical,63,7.75
2025294N14290,2025,NA,Atlántico Norte,MELISSA,165.0,892.0,Cat 5,86,10.12
2025297N13247,2025,EP,Pacífico Nororiental,SONIA,45.0,1001.0,Tormenta tropical,38,4.62
2025298N11089,2025,NI,Índico Norte,MONTHA,45.0,995.0,Tormenta tropical,39,4.75
2025305N08140,2025,WP,Pacífico Noroccidental,KALMAEGI,115.0,948.0,Cat 4,58,7.25
2025308N09144,2025,WP,Pacífico Noroccidental,FUNG-WONG,115.0,943.0,Cat 4,70,8.62
2025328N07132,2025,WP,Pacífico Noroccidental,KOTO,80.0,975.0,Cat 1,78,9.62
2025329N05100,2025,NI,Índico Norte,SENYAR,45.0,996.0,Tormenta tropical,16,1.88
2025331N06083,2025,NI,Índico Norte,DITWAH,35.0,1001.0,Tormenta tropical,49,6.0
