bin_idx,tiempo_ns,pixel_00,pixel_01,pixel_02,pixel_03,pixel_04,pixel_05,pixel_06,pixel_07,pixel_08,pixel_09,pixel_10,pixel_11,pixel_12,pixel_13,pixel_14,pixel_15
0,0.0,0.0,0.0,0.0,0.0,0.0,0.0,0.0,0.0,0.0,0.0,0.0,0.0,0.0,0.0,0.0,0.0
1,0.05,0.0,0.0,0.0,0.0,0.0,0.0,0.0,0.0,0.0,0.0,0.0,0.0,0.0,0.0,0.0,0.0
2,0.1,0.0,0.0,0.0,0.0,0.0,0.0,0.0,0.0,0.0,0.0,0.0,0.0,0.0,0.0,0.0,0.0
3,0.15000000000000002,0.0,0.0,0.0,0.0,0.0,0.0,0.0,0.0,0.0,0.0,0.0,0.0,0.0,0.0,0.0,0.0
4,0.2,0.0,0.0,0.0,0.0,0.0,0.0,0.0,0.0,0.0,0.0,0.0,0.0,0.0,0.0,0.0,0.0
5,0.25,0.0,0.0,0.0,0.0,0.0,0.0,0.0,0.0,0.0,0.0,0.0,0.0,0.0,0.0,0.0,0.0
6,0.30000000000000004,0.0,0.0,0.0,0.0,0.0,0.0,0.0,0.0,0.0,0.0,0.0,0.0,0.0,0.0,0.0,0.0
7,0.35000000000000003,0.0,0.0,0.0,0.0,0.0,0.0,0.0,0.0,0.0,0.0,0.0,0.0,0.0,0.0,0.0,0.0
8,0.4,0.0,0.0,0.0,0.0,0.0,0.0,0.0,0.0,0.0,0.0,0.0,0.0,0.0,0.0,0.0,0.0
9,0.45,0.0,0.0,0.0,0.0,0.0,0.0,0.0,0.0,0.0,0.0,0.0,0.0,0.0,0.0,0.0,0.0
10,0.5,0.0,0.0,0.0,0.0,0.0,0.0,0.0,0.0,0.0,0.0,0.0,0.0,0.0,0.0,0.0,0.0
11,0.55,0.0,0.0,0.0,0.0,0.0,0.0,0.0,0.0,0.0,0.0,0.0,0.0,0.0,0.0,0.0,0.0
12,0.6000000000000001,0.0,0.0,0.0,0.0,0.0,0.0,0.0,0.0,0.0,0.0,0.0,0.0,0.0,0.0,0.0,0.0
13,0.65,0.0,0.0,0.0,0.0,0.0,0.0,0.0,0.0,0.0,0.0,0.0,0.0,0.0,0.0,0.0,0.0
14,0.7000000000000001,0.0,0.0,0.0,0.0,0.0,0.0,0.0,0.0,0.0,0.0,0.0,0.0,0.0,0.0,0.0,0.0
15,0.75,0.0,81.13333333333333,34.43333333333334,55.73333333333332,0.0,0.0,0.0,95.58333333333334,0.0,0.0,0.0,188.76666666666668,23.133333333333326,0.0,107.83333333333333,76.06666666666666
16,0.8,16.566666666666663,0.0,15.799999999999997,63.63333333333334,0.0,0.0,174.78333333333333,0.0,0.0,0.0,0.0,0.0,7.26666666666668,89.46666666666667,0.0,103.5
17,0.8500000000000001,0.0,0.0,0.0,0.0,0.0,53.75,0.0,32.35,0.0,1.75,0.0,0.0,0.0,24.433333333333337,24.316666666666663,11.75
18,0.9,0.0,0.0,0.0,0.0,0.0,98.13333333333333,0.0,28.78333333333333,0.0,16.5,0.0,156.31666666666666,114.05000000000001,115.85,0.0,3.4000000000000057
19,0.9500000000000001,0.0,0.0,0.0,94.8,0.0,0.0,0.0,62.416666666666664,0.0,0.0,145.58333333333331,0.0,76.51666666666667,0.0,0.0,0.0
20,1.0,3.0999999999999943,0.0,164.01666666666665,104.56666666666666,0.0,0.0,29.733333333333334,0.0,0.0,0.46666666666666856,0.0,71.91666666666667,0.0,23.88333333333334,103.01666666666667,59.2
21,1.05,0.0,0.0,0.0,0.0,0.0,0.0,0.0,36.85,0.0,45.81666666666666,0.0,0.0,20.58333333333333,0.0,0.0,0.0
22,1.1,116.18333333333334,100.76666666666667,0.0,3.066666666666663,0.0,0.0,30.099999999999994,83.96666666666667,0.0,0.0,133.06666666666666,100.93333333333334,0.0,0.0,0.0,36.18333333333333
23,1.1500000000000001,0.0,0.0,0.0,21.53333333333333,0.0,0.0,0.0,0.0,0.0,128.91666666666669,0.0,0.0,0.0,0.0,0.0,4.283333333333331
24,1.2000000000000002,0.0,32.55,0.0,0.0,0.0,107.41666666666667,0.0,0.0,0.0,113.38333333333334,0.0,119.75,0.0,0.0,0.0,0.0
25,1.25,0.0,0.0,0.0,40.2,0.0,28.66666666666667,30.36666666666666,0.0,0.0,4.316666666666663,0.0,73.2,14.549999999999997,0.0,0.0,147.46666666666667
26,1.3,0.0,0.0,124.43333333333334,0.0,0.0,0.0,108.11666666666666,0.0,0.0,0.0,0.0,0.0,0.0,78.23333333333333,0.0,37.55
27,1.35,0.0,69.6,0.0,0.0,0.0,0.0,0.0,0.13333333333333286,0.0,53.21666666666667,0.0,0.0,162.76666666666665,3.0,0.0,48.483333333333334
28,1.4000000000000001,98.48333333333333,0.0,105.06666666666666,23.916666666666664,0.0,14.150000000000006,163.36666666666667,52.233333333333334,0.0,58.21666666666667,0.0,0.0,13.516666666666666,0.0,19.599999999999994,0.9833333333333343
29,1.4500000000000002,0.0,166.13333333333333,0.0,0.0,0.0,0.0,167.9,83.75,0.0,0.0,21.25,57.53333333333333,5.216666666666669,0.0,102.18333333333334,131.61666666666667
30,1.5,0.0,0.0,0.0,0.0,0.0,0.0,30.25,0.0,0.0,28.733333333333334,0.0,114.96666666666667,0.0,0.0,0.0,7.066666666666663
31,1.55,22.266666666666666,0.0,0.0,154.9,0.0,0.0,173.76666666666665,0.0,0.0,0.0,0.0,23.41666666666667,0.0,0.0,0.0,0.0
32,1.6,0.0,0.0,103.13333333333334,69.18333333333334,0.0,9.299999999999997,0.0,0.0,0.0,0.0,0.0,187.95,72.48333333333333,0.0,20.566666666666663,176.7
33,1.6500000000000001,0.0,4.86666666666666,0.0,0.0,0.0,0.0,145.8,0.0,0.0,0.0,0.0,0.0,82.23333333333333,0.0,49.8,0.0
34,1.7000000000000002,0.0,0.0,0.0,104.8,0.0,0.0,0.0,86.2,0.0,0.0,0.0,0.0,42.91666666666667,21.66666666666667,0.0,118.36666666666667
35,1.75,37.28333333333333,0.0,0.0,0.0,0.0,0.0,0.0,37.25,0.0,0.0,39.93333333333334,0.0,0.0,27.833333333333336,0.0,0.0
36,1.8,18.450000000000003,0.0,0.0,0.0,0.0,3.700000000000003,0.0,0.0,0.0,133.7,0.0,0.0,78.71666666666667,0.0,0.0,0.0
37,1.85,0.0,0.0,0.0,0.0,0.0,0.0,65.58333333333333,21.53333333333333,0.0,176.41666666666669,5.783333333333331,40.2,6.666666666666664,0.0,0.0,31.96666666666667
38,1.9000000000000001,0.0,0.0,0.0,57.916666666666664,0.0,0.0,116.0,0.0,0.0,180.06666666666666,0.0,44.28333333333333,69.51666666666667,26.53333333333333,0.0,9.033333333333331
39,1.9500000000000002,2.11666666666666,0.0,28.916666666666664,0.0,0.0,0.0,0.0,71.61666666666667,0.0,0.0,0.0,79.25,0.0,61.849999999999994,0.0,0.0
40,2.0,131.16666666666666,22.299999999999997,0.0,0.0,0.0,0.0,115.81666666666666,0.0,0.0,0.0,23.049999999999997,180.73333333333335,23.900000000000006,0.0,0.0,0.0
41,2.0500000000000003,0.0,0.0,0.0,0.0,0.0,0.0,53.6,3.299999999999997,0.0,0.0,0.0,166.96666666666667,0.0,0.0,10.466666666666669,0.0
42,2.1,0.0,0.0,5.450000000000003,0.0,0.0,27.35,41.21666666666667,0.0,0.0,80.86666666666666,0.0,0.0,0.0,0.0,93.0,0.0
43,2.15,0.0,17.78333333333333,56.55,0.0,0.0,0.0,0.0,0.0,0.0,0.0,0.0,0.0,32.849999999999994,0.0,0.0,0.0
44,2.2,77.73333333333333,77.61666666666666,23.81666666666667,0.0,0.0,0.0,0.0,0.0,0.0,21.316666666666663,55.25,0.0,9.833333333333336,0.0,0.0,0.0
45,2.25,0.0,0.0,265.75,0.0,0.0,0.0,0.0,0.0,0.0,0.0,0.0,0.0,3.5166666666666657,0.0,0.0,0.0
46,2.3000000000000003,58.56666666666667,30.633333333333333,0.0,0.0,0.0,0.0,0.0,0.0,0.0,0.0,57.733333333333334,0.0,0.0,28.25,0.0,0.0
47,2.35,132.85,80.41666666666666,0.0,0.0,0.0,0.0,45.8,0.0,0.0,0.0,0.0,0.0,0.0,0.0,0.0,0.0
48,2.4000000000000004,0.0,0.0,0.0,0.0,0.0,0.0,0.0,0.0,0.0,0.0,0.0,0.0,46.733333333333334,0.0,0.0,0.0
49,2.45,0.0,87.26666666666667,0.0,0.0,0.0,0.0,0.0,0.0,0.0,0.0,0.0,0.0,18.266666666666666,0.0,0.0,0.0
50,2.5,0.0,7.299999999999997,0.0,0.0,0.0,0.0,0.0,0.0,0.0,88.31666666666666,0.0,0.0,0.0,0.0,0.0,0.0
51,2.5500000000000003,0.0,0.0,0.0,0.0,0.0,0.0,0.0,0.0,0.0,0.0,0.0,0.0,0.0,0.0,0.0,0.0
52,2.6,20.016666666666666,0.0,0.0,0.0,0.0,0.0,0.0,0.0,0.0,0.0,0.0,0.0,17.700000000000003,0.0,0.0,0.0
53,2.6500000000000004,0.0,0.0,0.0,0.0,0.0,0.0,0.0,0.0,0.0,0.0,0.0,0.0,0.0,0.0,0.0,0.0
54,2.7,0.0,0.0,0.0,0.0,0.0,0.0,0.0,0.0,0.0,0.0,0.0,0.0,0.0,0.0,0.0,0.0
55,2.75,0.0,0.0,0.0,0.0,0.0,0.0,0.0,0.0,0.0,0.0,0.0,0.0,0.0,0.0,0.0,0.0
56,2.8000000000000003,0.0,0.0,0.0,0.0,0.0,0.0,0.0,0.0,0.0,0.0,0.0,0.0,0.0,0.0,0.0,0.0
57,2.85,0.0,0.0,0.0,0.0,0.0,0.0,0.0,0.0,0.0,0.0,0.0,0.0,0.0,0.0,0.0,0.0
58,2.9000000000000004,0.0,0.0,0.0,0.0,0.0,0.0,0.0,0.0,0.0,0.0,0.0,0.0,0.0,0.0,0.0,0.0
59,2.95,0.0,0.0,0.0,0.0,0.0,0.0,0.0,0.0,0.0,0.0,0.0,0.0,0.0,0.0,0.0,0.0
60,3.0,0.0,0.0,0.0,0.0,0.0,0.0,0.0,0.0,0.0,0.0,0.0,0.0,0.0,0.0,0.0,0.0
61,3.0500000000000003,0.0,0.0,0.0,0.0,0.0,0.0,0.0,0.0,0.0,0.0,0.0,0.0,0.0,0.0,0.0,0.0
62,3.1,0.0,0.0,0.0,0.0,0.0,0.0,0.0,0.0,0.0,0.0,0.0,0.0,0.0,0.0,0.0,0.0
63,3.1500000000000004,0.0,0.0,0.0,0.0,0.0,0.0,0.0,0.0,0.0,0.0,0.0,0.0,0.0,0.0,0.0,0.0
64,3.2,0.0,0.0,0.0,0.0,0.0,0.0,0.0,0.0,0.0,0.0,0.0,0.0,0.0,0.0,0.0,0.0
65,3.25,0.0,0.0,0.0,0.0,0.0,0.0,0.0,0.0,0.0,0.0,0.0,0.0,0.0,0.0,0.0,0.0
66,3.3000000000000003,0.0,0.0,0.0,0.0,0.0,0.0,0.0,0.0,0.0,0.0,0.0,0.0,0.0,0.0,0.0,0.0
67,3.35,0.0,0.0,0.0,0.0,0.0,0.0,0.0,0.0,0.0,0.0,0.0,0.0,0.0,0.0,0.0,0.0
68,3.4000000000000004,0.0,0.0,0.0,0.0,0.0,0.0,0.0,0.0,0.0,0.0,0.0,0.0,0.0,0.0,0.0,0.0
69,3.45,0.0,0.0,0.0,0.0,0.0,0.0,0.0,0.0,0.0,0.0,0.0,0.0,0.0,0.0,0.0,0.0
70,3.5,0.0,0.0,0.0,0.0,0.0,0.0,0.0,0.0,0.0,0.0,0.0,0.0,0.0,0.0,0.0,0.0
71,3.5500000000000003,0.0,0.0,0.0,0.0,0.0,0.0,0.0,0.0,0.0,0.0,0.0,0.0,0.0,0.0,0.0,0.0
72,3.6,0.0,0.0,0.0,0.0,0.0,0.0,0.0,0.0,0.0,0.0,0.0,0.0,0.0,0.0,0.0,0.0
73,3.6500000000000004,0.0,0.0,0.0,0.0,0.0,0.0,0.0,0.0,0.0,0.0,0.0,0.0,0.0,0.0,0.0,0.0
74,3.7,0.0,0.0,0.0,0.0,0.0,0.0,0.0,0.0,0.0,0.0,0.0,0.0,0.0,0.0,0.0,0.0
75,3.75,0.0,0.0,0.0,0.0,0.0,0.0,0.0,0.0,0.0,0.0,0.0,0.0,0.0,0.0,0.0,0.0
76,3.8000000000000003,0.0,0.0,0.0,0.0,0.0,0.0,0.0,0.0,0.0,0.0,0.0,0.0,0.0,0.0,0.0,0.0
77,3.85,0.0,0.0,0.0,0.0,0.0,0.0,0.0,0.0,0.0,0.0,0.0,0.0,0.0,0.0,0.0,0.0
78,3.9000000000000004,0.0,0.0,0.0,0.0,0.0,0.0,0.0,0.0,0.0,0.0,0.0,0.0,0.0,0.0,0.0,0.0
79,3.95,0.0,0.0,0.0,0.0,0.0,0.0,0.0,0.0,0.0,0.0,0.0,0.0,0.0,0.0,0.0,0.0
80,4.0,0.0,0.0,0.0,0.0,0.0,0.0,0.0,0.0,0.0,0.0,0.0,0.0,0.0,0.0,0.0,0.0
81,4.05,0.0,0.0,0.0,0.0,0.0,0.0,0.0,0.0,0.0,0.0,0.0,0.0,0.0,0.0,0.0,0.0
82,4.1000000000000005,0.0,0.0,0.0,0.0,0.0,0.0,0.0,0.0,0.0,0.0,0.0,0.0,0.0,0.0,0.0,0.0
83,4.15,0.0,0.0,0.0,0.0,0.0,0.0,0.0,0.0,0.0,0.0,0.0,0.0,0.0,0.0,0.0,0.0
84,4.2,0.0,0.0,0.0,0.0,0.0,0.0,0.0,0.0,0.0,0.0,0.0,0.0,0.0,0.0,0.0,0.0
85,4.25,0.0,0.0,0.0,0.0,0.0,0.0,0.0,0.0,0.0,0.0,0.0,0.0,0.0,0.0,0.0,0.0
86,4.3,0.0,0.0,0.0,0.0,0.0,0.0,0.0,0.0,0.0,0.0,0.0,0.0,0.0,0.0,0.0,0.0
87,4.3500000000000005,0.0,0.0,0.0,0.0,0.0,0.0,0.0,0.0,0.0,0.0,0.0,0.0,0.0,0.0,0.0,0.0
88,4.4,0.0,0.0,0.0,0.0,0.0,0.0,0.0,0.0,0.0,0.0,0.0,0.0,0.0,0.0,0.0,0.0
89,4.45,0.0,0.0,0.0,0.0,0.0,0.0,0.0,0.0,0.0,0.0,0.0,0.0,0.0,0.0,0.0,0.0
90,4.5,0.0,0.0,0.0,0.0,0.0,0.0,0.0,0.0,0.0,0.0,0.0,0.0,0.0,0.0,0.0,0.0
91,4.55,0.0,0.0,0.0,0.0,0.0,0.0,0.0,0.0,0.0,0.0,0.0,0.0,0.0,0.0,0.0,0.0
92,4.6000000000000005,0.0,0.0,0.0,0.0,0.0,0.0,0.0,0.0,0.0,0.0,0.0,0.0,0.0,0.0,0.0,0.0
93,4.65,0.0,0.0,0.0,0.0,0.0,0.0,0.0,0.0,0.0,0.0,0.0,0.0,0.0,0.0,0.0,0.0
94,4.7,0.0,0.0,0.0,0.0,0.0,0.0,0.0,0.0,0.0,0.0,0.0,0.0,0.0,0.0,0.0,0.0
95,4.75,0.0,0.0,0.0,0.0,0.0,0.0,0.0,0.0,0.0,0.0,0.0,0.0,0.0,0.0,0.0,0.0
96,4.800000000000001,0.0,0.0,0.0,0.0,0.0,0.0,0.0,0.0,0.0,0.0,0.0,0.0,0.0,0.0,0.0,0.0
97,4.8500000000000005,0.0,0.0,0.0,0.0,0.0,0.0,0.0,0.0,0.0,0.0,0.0,0.0,0.0,0.0,0.0,0.0
98,4.9,0.0,0.0,0.0,0.0,0.0,0.0,0.0,0.0,0.0,0.0,0.0,0.0,0.0,0.0,0.0,0.0
99,4.95,0.0,0.0,0.0,0.0,0.0,0.0,0.0,0.0,0.0,0.0,0.0,0.0,0.0,0.0,0.0,0.0
100,5.0,0.0,0.0,0.0,0.0,0.0,0.0,0.0,0.0,0.0,0.0,0.0,0.0,0.0,0.0,0.0,0.0
101,5.050000000000001,0.0,0.0,0.0,0.0,0.0,0.0,0.0,0.0,0.0,0.0,0.0,0.0,0.0,0.0,0.0,0.0
102,5.1000000000000005,0.0,0.0,0.0,0.0,0.0,0.0,0.0,0.0,0.0,0.0,0.0,0.0,0.0,0.0,0.0,0.0
103,5.15,0.0,0.0,0.0,0.0,0.0,0.0,0.0,0.0,0.0,0.0,0.0,0.0,0.0,0.0,0.0,0.0
104,5.2,0.0,0.0,0.0,0.0,0.0,0.0,0.0,0.0,0.0,0.0,0.0,0.0,0.0,0.0,0.0,0.0
105,5.25,0.0,0.0,0.0,0.0,0.0,0.0,0.0,0.0,0.0,0.0,0.0,0.0,0.0,0.0,0.0,0.0
106,5.300000000000001,0.0,0.0,0.0,0.0,0.0,0.0,0.0,0.0,0.0,0.0,0.0,0.0,0.0,0.0,0.0,0.0
107,5.3500000000000005,0.0,0.0,0.0,0.0,0.0,0.0,0.0,0.0,0.0,0.0,0.0,0.0,0.0,0.0,0.0,0.0
108,5.4,0.0,0.0,0.0,0.0,0.0,0.0,0.0,0.0,0.0,0.0,0.0,0.0,0.0,0.0,0.0,0.0
109,5.45,0.0,0.0,0.0,0.0,0.0,0.0,0.0,0.0,0.0,0.0,0.0,0.0,0.0,0.0,0.0,0.0
110,5.5,0.0,0.0,0.0,0.0,0.0,0.0,0.0,0.0,0.0,0.0,0.0,0.0,0.0,0.0,0.0,0.0
111,5.550000000000001,0.0,0.0,0.0,0.0,0.0,0.0,0.0,0.0,0.0,0.0,0.0,0.0,0.0,0.0,0.0,0.0
112,5.6000000000000005,0.0,0.0,0.0,0.0,0.0,0.0,0.0,0.0,0.0,0.0,0.0,0.0,0.0,0.0,0.0,0.0
113,5.65,0.0,0.0,0.0,0.0,0.0,0.0,0.0,0.0,0.0,0.0,0.0,0.0,0.0,0.0,0.0,0.0
114,5.7,0.0,0.0,0.0,0.0,0.0,0.0,0.0,0.0,0.0,0.0,0.0,0.0,0.0,0.0,0.0,0.0
115,5.75,0.0,0.0,0.0,0.0,0.0,0.0,0.0,0.0,0.0,0.0,0.0,0.0,0.0,0.0,0.0,0.0
116,5.800000000000001,0.0,0.0,0.0,0.0,0.0,0.0,0.0,0.0,0.0,0.0,0.0,0.0,0.0,0.0,0.0,0.0
117,5.8500000000000005,0.0,0.0,0.0,0.0,0.0,0.0,0.0,0.0,0.0,0.0,0.0,0.0,0.0,0.0,0.0,0.0
118,5.9,0.0,0.0,0.0,0.0,0.0,0.0,0.0,0.0,0.0,0.0,0.0,0.0,0.0,0.0,0.0,0.0
119,5.95,0.0,0.0,0.0,0.0,0.0,0.0,0.0,0.0,0.0,0.0,0.0,0.0,0.0,0.0,0.0,0.0
120,6.0,0.0,0.0,0.0,0.0,0.0,0.0,0.0,0.0,0.0,0.0,0.0,0.0,0.0,0.0,0.0,0.0
121,6.050000000000001,0.0,0.0,0.0,0.0,0.0,0.0,0.0,0.0,0.0,0.0,0.0,0.0,0.0,0.0,0.0,0.0
122,6.1000000000000005,0.0,0.0,0.0,0.0,0.0,0.0,0.0,0.0,0.0,0.0,0.0,0.0,0.0,0.0,0.0,0.0
123,6.15,0.0,0.0,0.0,0.0,0.0,0.0,0.0,0.0,0.0,0.0,0.0,0.0,0.0,0.0,0.0,0.0
124,6.2,0.0,0.0,0.0,0.0,0.0,0.0,0.0,0.0,0.0,0.0,0.0,0.0,0.0,0.0,0.0,0.0
125,6.25,0.0,0.0,0.0,0.0,0.0,0.0,0.0,0.0,0.0,0.0,0.0,0.0,0.0,0.0,0.0,0.0
126,6.300000000000001,0.0,0.0,0.0,0.0,0.0,0.0,0.0,0.0,0.0,0.0,0.0,0.0,0.0,0.0,0.0,0.0
127,6.3500000000000005,0.0,0.0,0.0,0.0,0.0,0.0,0.0,0.0,0.0,0.0,0.0,0.0,0.0,0.0,0.0,0.0
